[Header],,,,,,
Investigator Name,Lucia Gutierrez,,,,,
Project Name,Infinium XT,,,,,
Experiment Name,UWMad2024Gutierrez-MSC3K_01-06,,,,,
Date,3/8/2024,,,,,

[Manifests],,,,,,
A,USDA_SoyWheOatBar_3K_XT_20006795X382275_A1_Hordeum vulgare,,,,,

[Data],,,,,,
Sample_ID,Sample_Plate,Sample_Name,Sample_Group,Sample_Well,SentrixBarcode_A,SentrixPosition_A
DH140282/PurplePrince-101,UWMad2024Gutierrez-B3K-01,DH140282/PurplePrince,101,A01,207131870019,R01C01
DH140282/PurplePrince-102,UWMad2024Gutierrez-B3K-01,DH140282/PurplePrince,102,B01,207131870019,R04C01
DH140282/PurplePrince-103,UWMad2024Gutierrez-B3K-01,DH140282/PurplePrince,103,C01,207131870019,R07C01
DH140282/PurplePrince-104,UWMad2024Gutierrez-B3K-01,DH140282/PurplePrince,104,D01,207131870019,R10C01
DH140282/PurplePrince-105,UWMad2024Gutierrez-B3K-01,DH140282/PurplePrince,105,E01,207131870019,R13C01
DH140282/PurplePrince-106,UWMad2024Gutierrez-B3K-01,DH140282/PurplePrince,106,F01,207131870019,R16C01
DH140282/PurplePrince-107,UWMad2024Gutierrez-B3K-01,DH140282/PurplePrince,107,G01,207131870019,R19C01
DH140282/PurplePrince-108,UWMad2024Gutierrez-B3K-01,DH140282/PurplePrince,108,H01,207131870019,R22C01
DH140282/PurplePrince-109,UWMad2024Gutierrez-B3K-01,DH140282/PurplePrince,109,A02,207131870019,R01C02
DH140282/PurplePrince-110,UWMad2024Gutierrez-B3K-01,DH140282/PurplePrince,110,B02,207131870019,R04C02
DH140282/PurplePrince-111,UWMad2024Gutierrez-B3K-01,DH140282/PurplePrince,111,C02,207131870019,R07C02
DH140282/PurplePrince-112,UWMad2024Gutierrez-B3K-01,DH140282/PurplePrince,112,D02,207131870019,R10C02
DH140282/PurplePrince-113,UWMad2024Gutierrez-B3K-01,DH140282/PurplePrince,113,E02,207131870019,R13C02
DH140282/PurplePrince-114,UWMad2024Gutierrez-B3K-01,DH140282/PurplePrince,114,F02,207131870019,R16C02
DH140282/PurplePrince-115,UWMad2024Gutierrez-B3K-01,DH140282/PurplePrince,115,G02,207131870019,R19C02
DH140282/PurplePrince-116,UWMad2024Gutierrez-B3K-01,DH140282/PurplePrince,116,H02,207131870019,R22C02
DH140282/MS10S-128,UWMad2024Gutierrez-B3K-01,DH140282/MS10S,128,A03,207131870019,R01C03
DH140282/MS10S-129,UWMad2024Gutierrez-B3K-01,DH140282/MS10S,129,B03,207131870019,R04C03
DH140282/MS10S-130,UWMad2024Gutierrez-B3K-01,DH140282/MS10S,130,C03,207131870019,R07C03
DH140282/MS10S-131,UWMad2024Gutierrez-B3K-01,DH140282/MS10S,131,D03,207131870019,R10C03
DH140282/MS10S-132,UWMad2024Gutierrez-B3K-01,DH140282/MS10S,132,E03,207131870019,R13C03
DH140282/MS10S-133,UWMad2024Gutierrez-B3K-01,DH140282/MS10S,133,F03,207131870019,R16C03
DH140282/MS10S-134,UWMad2024Gutierrez-B3K-01,DH140282/MS10S,134,G03,207131870019,R19C03
DH140282/MS10S-135,UWMad2024Gutierrez-B3K-01,DH140282/MS10S,135,H03,207131870019,R22C03
DH140282/MS10S-136,UWMad2024Gutierrez-B3K-01,DH140282/MS10S,136,A04,207131870019,R01C04
DH140282/MS10S-137,UWMad2024Gutierrez-B3K-01,DH140282/MS10S,137,B04,207131870019,R04C04
DH140282/MS10S-138,UWMad2024Gutierrez-B3K-01,DH140282/MS10S,138,C04,207131870019,R07C04
DH140282/MS10S-139,UWMad2024Gutierrez-B3K-01,DH140282/MS10S,139,D04,207131870019,R10C04
DH140282/MS10S-140,UWMad2024Gutierrez-B3K-01,DH140282/MS10S,140,E04,207131870019,R13C04
DH140282/MS10S-141,UWMad2024Gutierrez-B3K-01,DH140282/MS10S,141,F04,207131870019,R16C04
DH140282/MS10S-142,UWMad2024Gutierrez-B3K-01,DH140282/MS10S,142,G04,207131870019,R19C04
DH140282/MS10S-143,UWMad2024Gutierrez-B3K-01,DH140282/MS10S,143,H04,207131870019,R22C04
15WA-106.2/Buck-154,UWMad2024Gutierrez-B3K-01,15WA-106.2/Buck,154,A05,207131870019,R02C01
15WA-106.2/Buck-155,UWMad2024Gutierrez-B3K-01,15WA-106.2/Buck,155,B05,207131870019,R05C01
15WA-106.2/Buck-156,UWMad2024Gutierrez-B3K-01,15WA-106.2/Buck,156,C05,207131870019,R08C01
15WA-106.2/Buck-157,UWMad2024Gutierrez-B3K-01,15WA-106.2/Buck,157,D05,207131870019,R11C01
15WA-106.2/Buck-158,UWMad2024Gutierrez-B3K-01,15WA-106.2/Buck,158,E05,207131870019,R14C01
15WA-106.2/Buck-159,UWMad2024Gutierrez-B3K-01,15WA-106.2/Buck,159,F05,207131870019,R17C01
15WA-106.2/Buck-160,UWMad2024Gutierrez-B3K-01,15WA-106.2/Buck,160,G05,207131870019,R20C01
15WA-106.2/Buck-161,UWMad2024Gutierrez-B3K-01,15WA-106.2/Buck,161,H05,207131870019,R23C01
15WA-106.2/Buck-162,UWMad2024Gutierrez-B3K-01,15WA-106.2/Buck,162,A06,207131870019,R02C02
15WA-106.2/Buck-163,UWMad2024Gutierrez-B3K-01,15WA-106.2/Buck,163,B06,207131870019,R05C02
15WA-106.2/Buck-164,UWMad2024Gutierrez-B3K-01,15WA-106.2/Buck,164,C06,207131870019,R08C02
15WA-106.2/Buck-165,UWMad2024Gutierrez-B3K-01,15WA-106.2/Buck,165,D06,207131870019,R11C02
15WA-106.2/Buck-166,UWMad2024Gutierrez-B3K-01,15WA-106.2/Buck,166,E06,207131870019,R14C02
15WA-106.2/Buck-167,UWMad2024Gutierrez-B3K-01,15WA-106.2/Buck,167,F06,207131870019,R17C02
15WA-106.2/Buck-168,UWMad2024Gutierrez-B3K-01,15WA-106.2/Buck,168,G06,207131870019,R20C02
15WA-106.2/Buck-169,UWMad2024Gutierrez-B3K-01,15WA-106.2/Buck,169,H06,207131870019,R23C02
PurplePrince/15WA-106.2-178,UWMad2024Gutierrez-B3K-01,PurplePrince/15WA-106.2,178,A07,207131870019,R02C03
PurplePrince/15WA-106.2-179,UWMad2024Gutierrez-B3K-01,PurplePrince/15WA-106.2,179,B07,207131870019,R05C03
PurplePrince/15WA-106.2-180,UWMad2024Gutierrez-B3K-01,PurplePrince/15WA-106.2,180,C07,207131870019,R08C03
PurplePrince/15WA-106.2-181,UWMad2024Gutierrez-B3K-01,PurplePrince/15WA-106.2,181,D07,207131870019,R11C03
PurplePrince/15WA-106.2-194,UWMad2024Gutierrez-B3K-01,PurplePrince/15WA-106.2,194,E07,207131870019,R14C03
PurplePrince/15WA-106.2-183,UWMad2024Gutierrez-B3K-01,PurplePrince/15WA-106.2,183,F07,207131870019,R17C03
PurplePrince/15WA-106.2-184,UWMad2024Gutierrez-B3K-01,PurplePrince/15WA-106.2,184,G07,207131870019,R20C03
PurplePrince/15WA-106.2-185,UWMad2024Gutierrez-B3K-01,PurplePrince/15WA-106.2,185,H07,207131870019,R23C03
PurplePrince/15WA-106.2-186,UWMad2024Gutierrez-B3K-01,PurplePrince/15WA-106.2,186,A08,207131870019,R02C04
PurplePrince/15WA-106.2-187,UWMad2024Gutierrez-B3K-01,PurplePrince/15WA-106.2,187,B08,207131870019,R05C04
PurplePrince/15WA-106.2-188,UWMad2024Gutierrez-B3K-01,PurplePrince/15WA-106.2,188,C08,207131870019,R08C04
PurplePrince/15WA-106.2-189,UWMad2024Gutierrez-B3K-01,PurplePrince/15WA-106.2,189,D08,207131870019,R11C04
PurplePrince/15WA-106.2-190,UWMad2024Gutierrez-B3K-01,PurplePrince/15WA-106.2,190,E08,207131870019,R14C04
PurplePrince/15WA-106.2-191,UWMad2024Gutierrez-B3K-01,PurplePrince/15WA-106.2,191,F08,207131870019,R17C04
PurplePrince/15WA-106.2-192,UWMad2024Gutierrez-B3K-01,PurplePrince/15WA-106.2,192,G08,207131870019,R20C04
PurplePrince/15WA-106.2-193,UWMad2024Gutierrez-B3K-01,PurplePrince/15WA-106.2,193,H08,207131870019,R23C04
10WA-129.6/Buck-205,UWMad2024Gutierrez-B3K-01,10WA-129.6/Buck,205,A09,207131870019,R03C01
10WA-129.6/Buck-206,UWMad2024Gutierrez-B3K-01,10WA-129.6/Buck,206,B09,207131870019,R06C01
10WA-129.6/Buck-207,UWMad2024Gutierrez-B3K-01,10WA-129.6/Buck,207,C09,207131870019,R09C01
10WA-129.6/Buck-208,UWMad2024Gutierrez-B3K-01,10WA-129.6/Buck,208,D09,207131870019,R12C01
10WA-129.6/Buck-209,UWMad2024Gutierrez-B3K-01,10WA-129.6/Buck,209,E09,207131870019,R15C01
10WA-129.6/Buck-210,UWMad2024Gutierrez-B3K-01,10WA-129.6/Buck,210,F09,207131870019,R18C01
10WA-129.6/Buck-211,UWMad2024Gutierrez-B3K-01,10WA-129.6/Buck,211,G09,207131870019,R21C01
10WA-129.6/Buck-212,UWMad2024Gutierrez-B3K-01,10WA-129.6/Buck,212,H09,207131870019,R24C01
10WA-129.6/Buck-213,UWMad2024Gutierrez-B3K-01,10WA-129.6/Buck,213,A10,207131870019,R03C02
10WA-129.6/Buck-214,UWMad2024Gutierrez-B3K-01,10WA-129.6/Buck,214,B10,207131870019,R06C02
10WA-129.6/Buck-215,UWMad2024Gutierrez-B3K-01,10WA-129.6/Buck,215,C10,207131870019,R09C02
10WA-129.6/Buck-216,UWMad2024Gutierrez-B3K-01,10WA-129.6/Buck,216,D10,207131870019,R12C02
10WA-129.6/Buck-217,UWMad2024Gutierrez-B3K-01,10WA-129.6/Buck,217,E10,207131870019,R15C02
10WA-129.6/Buck-218,UWMad2024Gutierrez-B3K-01,10WA-129.6/Buck,218,F10,207131870019,R18C02
10WA-129.6/Buck-219,UWMad2024Gutierrez-B3K-01,10WA-129.6/Buck,219,G10,207131870019,R21C02
10WA-129.6/Buck-220,UWMad2024Gutierrez-B3K-01,10WA-129.6/Buck,220,H10,207131870019,R24C02
MS10S/10WA-129.6-224,UWMad2024Gutierrez-B3K-01,MS10S/10WA-129.6,224,A11,207131870019,R03C03
MS10S/10WA-129.6-225,UWMad2024Gutierrez-B3K-01,MS10S/10WA-129.6,225,B11,207131870019,R06C03
MS10S/10WA-129.6-226,UWMad2024Gutierrez-B3K-01,MS10S/10WA-129.6,226,C11,207131870019,R09C03
MS10S/10WA-129.6-227,UWMad2024Gutierrez-B3K-01,MS10S/10WA-129.6,227,D11,207131870019,R12C03
MS10S/10WA-129.6-228,UWMad2024Gutierrez-B3K-01,MS10S/10WA-129.6,228,E11,207131870019,R15C03
MS10S/10WA-129.6-229,UWMad2024Gutierrez-B3K-01,MS10S/10WA-129.6,229,F11,207131870019,R18C03
MS10S/10WA-129.6-230,UWMad2024Gutierrez-B3K-01,MS10S/10WA-129.6,230,G11,207131870019,R21C03
MS10S/10WA-129.6-231,UWMad2024Gutierrez-B3K-01,MS10S/10WA-129.6,231,H11,207131870019,R24C03
MS10S/10WA-129.6-232,UWMad2024Gutierrez-B3K-01,MS10S/10WA-129.6,232,A12,207131870019,R03C04
MS10S/10WA-129.6-233,UWMad2024Gutierrez-B3K-01,MS10S/10WA-129.6,233,B12,207131870019,R06C04
MS10S/10WA-129.6-234,UWMad2024Gutierrez-B3K-01,MS10S/10WA-129.6,234,C12,207131870019,R09C04
MS10S/10WA-129.6-235,UWMad2024Gutierrez-B3K-01,MS10S/10WA-129.6,235,D12,207131870019,R12C04
MS10S/10WA-129.6-236,UWMad2024Gutierrez-B3K-01,MS10S/10WA-129.6,236,E12,207131870019,R15C04
MS10S/10WA-129.6-237,UWMad2024Gutierrez-B3K-01,MS10S/10WA-129.6,237,F12,207131870019,R18C04
MS10S/10WA-129.6-238,UWMad2024Gutierrez-B3K-01,MS10S/10WA-129.6,238,G12,207131870019,R21C04
10WA-129.6/PurplePrince-250,UWMad2024Gutierrez-B3K-01,10WA-129.6/PurplePrince,250,H12,207131870019,R24C04
10WA-129.6/PurplePrince-251,UWMad2024Gutierrez-B3K-02,10WA-129.6/PurplePrince,251,A01,207131870073,R01C01
10WA-129.6/PurplePrince-252,UWMad2024Gutierrez-B3K-02,10WA-129.6/PurplePrince,252,B01,207131870073,R04C01
10WA-129.6/PurplePrince-253,UWMad2024Gutierrez-B3K-02,10WA-129.6/PurplePrince,253,C01,207131870073,R07C01
10WA-129.6/PurplePrince-254,UWMad2024Gutierrez-B3K-02,10WA-129.6/PurplePrince,254,D01,207131870073,R10C01
10WA-129.6/PurplePrince-255,UWMad2024Gutierrez-B3K-02,10WA-129.6/PurplePrince,255,E01,207131870073,R13C01
10WA-129.6/PurplePrince-256,UWMad2024Gutierrez-B3K-02,10WA-129.6/PurplePrince,256,F01,207131870073,R16C01
10WA-129.6/PurplePrince-257,UWMad2024Gutierrez-B3K-02,10WA-129.6/PurplePrince,257,G01,207131870073,R19C01
10WA-129.6/PurplePrince-258,UWMad2024Gutierrez-B3K-02,10WA-129.6/PurplePrince,258,H01,207131870073,R22C01
10WA-129.6/PurplePrince-259,UWMad2024Gutierrez-B3K-02,10WA-129.6/PurplePrince,259,A02,207131870073,R01C02
10WA-129.6/PurplePrince-260,UWMad2024Gutierrez-B3K-02,10WA-129.6/PurplePrince,260,B02,207131870073,R04C02
10WA-129.6/PurplePrince-261,UWMad2024Gutierrez-B3K-02,10WA-129.6/PurplePrince,261,C02,207131870073,R07C02
10WA-129.6/PurplePrince-262,UWMad2024Gutierrez-B3K-02,10WA-129.6/PurplePrince,262,D02,207131870073,R10C02
10WA-129.6/PurplePrince-263,UWMad2024Gutierrez-B3K-02,10WA-129.6/PurplePrince,263,E02,207131870073,R13C02
10WA-129.6/PurplePrince-264,UWMad2024Gutierrez-B3K-02,10WA-129.6/PurplePrince,264,F02,207131870073,R16C02
10WA-129.6/PurplePrince-265,UWMad2024Gutierrez-B3K-02,10WA-129.6/PurplePrince,265,G02,207131870073,R19C02
MC0181-11/MS10S-291,UWMad2024Gutierrez-B3K-02,MC0181-11/MS10S,291,H02,207131870073,R22C02
MC0181-11/MS10S-276,UWMad2024Gutierrez-B3K-02,MC0181-11/MS10S,276,A03,207131870073,R01C03
MC0181-11/MS10S-277,UWMad2024Gutierrez-B3K-02,MC0181-11/MS10S,277,B03,207131870073,R04C03
MC0181-11/MS10S-278,UWMad2024Gutierrez-B3K-02,MC0181-11/MS10S,278,C03,207131870073,R07C03
MC0181-11/MS10S-279,UWMad2024Gutierrez-B3K-02,MC0181-11/MS10S,279,D03,207131870073,R10C03
MC0181-11/MS10S-280,UWMad2024Gutierrez-B3K-02,MC0181-11/MS10S,280,E03,207131870073,R13C03
MC0181-11/MS10S-281,UWMad2024Gutierrez-B3K-02,MC0181-11/MS10S,281,F03,207131870073,R16C03
MC0181-11/MS10S-282,UWMad2024Gutierrez-B3K-02,MC0181-11/MS10S,282,G03,207131870073,R19C03
MC0181-11/MS10S-283,UWMad2024Gutierrez-B3K-02,MC0181-11/MS10S,283,H03,207131870073,R22C03
MC0181-11/MS10S-284,UWMad2024Gutierrez-B3K-02,MC0181-11/MS10S,284,A04,207131870073,R01C04
MC0181-11/MS10S-285,UWMad2024Gutierrez-B3K-02,MC0181-11/MS10S,285,B04,207131870073,R04C04
MC0181-11/MS10S-286,UWMad2024Gutierrez-B3K-02,MC0181-11/MS10S,286,C04,207131870073,R07C04
MC0181-11/MS10S-287,UWMad2024Gutierrez-B3K-02,MC0181-11/MS10S,287,D04,207131870073,R10C04
MC0181-11/MS10S-288,UWMad2024Gutierrez-B3K-02,MC0181-11/MS10S,288,E04,207131870073,R13C04
MC0181-11/MS10S-289,UWMad2024Gutierrez-B3K-02,MC0181-11/MS10S,289,F04,207131870073,R16C04
MC0181-11/MS10S-290,UWMad2024Gutierrez-B3K-02,MC0181-11/MS10S,290,G04,207131870073,R19C04
MC0181-11/PurplePrince-300,UWMad2024Gutierrez-B3K-02,MC0181-11/PurplePrince,300,H04,207131870073,R22C04
MC0181-11/PurplePrince-301,UWMad2024Gutierrez-B3K-02,MC0181-11/PurplePrince,301,A05,207131870073,R02C01
MC0181-11/PurplePrince-302,UWMad2024Gutierrez-B3K-02,MC0181-11/PurplePrince,302,B05,207131870073,R05C01
MC0181-11/PurplePrince-303,UWMad2024Gutierrez-B3K-02,MC0181-11/PurplePrince,303,C05,207131870073,R08C01
MC0181-11/PurplePrince-304,UWMad2024Gutierrez-B3K-02,MC0181-11/PurplePrince,304,D05,207131870073,R11C01
MC0181-11/PurplePrince-305,UWMad2024Gutierrez-B3K-02,MC0181-11/PurplePrince,305,E05,207131870073,R14C01
MC0181-11/PurplePrince-306,UWMad2024Gutierrez-B3K-02,MC0181-11/PurplePrince,306,F05,207131870073,R17C01
MC0181-11/PurplePrince-307,UWMad2024Gutierrez-B3K-02,MC0181-11/PurplePrince,307,G05,207131870073,R20C01
MC0181-11/PurplePrince-308,UWMad2024Gutierrez-B3K-02,MC0181-11/PurplePrince,308,H05,207131870073,R23C01
MC0181-11/PurplePrince-309,UWMad2024Gutierrez-B3K-02,MC0181-11/PurplePrince,309,A06,207131870073,R02C02
MC0181-11/PurplePrince-310,UWMad2024Gutierrez-B3K-02,MC0181-11/PurplePrince,310,B06,207131870073,R05C02
MC0181-11/PurplePrince-311,UWMad2024Gutierrez-B3K-02,MC0181-11/PurplePrince,311,C06,207131870073,R08C02
MC0181-11/PurplePrince-312,UWMad2024Gutierrez-B3K-02,MC0181-11/PurplePrince,312,D06,207131870073,R11C02
MC0181-11/PurplePrince-313,UWMad2024Gutierrez-B3K-02,MC0181-11/PurplePrince,313,E06,207131870073,R14C02
MC0181-11/PurplePrince-314,UWMad2024Gutierrez-B3K-02,MC0181-11/PurplePrince,314,F06,207131870073,R17C02
MC0181-11/PurplePrince-315,UWMad2024Gutierrez-B3K-02,MC0181-11/PurplePrince,315,G06,207131870073,R20C02
DH160798/Buck-327,UWMad2024Gutierrez-B3K-02,DH160798/Buck,327,H06,207131870073,R23C02
DH160798/Buck-328,UWMad2024Gutierrez-B3K-02,DH160798/Buck,328,A07,207131870073,R02C03
DH160798/Buck-329,UWMad2024Gutierrez-B3K-02,DH160798/Buck,329,B07,207131870073,R05C03
DH160798/Buck-330,UWMad2024Gutierrez-B3K-02,DH160798/Buck,330,C07,207131870073,R08C03
DH160798/Buck-331,UWMad2024Gutierrez-B3K-02,DH160798/Buck,331,D07,207131870073,R11C03
DH160798/Buck-332,UWMad2024Gutierrez-B3K-02,DH160798/Buck,332,E07,207131870073,R14C03
DH160798/Buck-333,UWMad2024Gutierrez-B3K-02,DH160798/Buck,333,F07,207131870073,R17C03
DH160798/Buck-334,UWMad2024Gutierrez-B3K-02,DH160798/Buck,334,G07,207131870073,R20C03
DH160798/Buck-335,UWMad2024Gutierrez-B3K-02,DH160798/Buck,335,H07,207131870073,R23C03
DH160798/Buck-336,UWMad2024Gutierrez-B3K-02,DH160798/Buck,336,A08,207131870073,R02C04
DH160798/Buck-337,UWMad2024Gutierrez-B3K-02,DH160798/Buck,337,B08,207131870073,R05C04
DH160798/Buck-338,UWMad2024Gutierrez-B3K-02,DH160798/Buck,338,C08,207131870073,R08C04
DH160798/Buck-339,UWMad2024Gutierrez-B3K-02,DH160798/Buck,339,D08,207131870073,R11C04
DH160798/Buck-340,UWMad2024Gutierrez-B3K-02,DH160798/Buck,340,E08,207131870073,R14C04
DH160798/Buck-341,UWMad2024Gutierrez-B3K-02,DH160798/Buck,341,F08,207131870073,R17C04
DH160798/Buck-342,UWMad2024Gutierrez-B3K-02,DH160798/Buck,342,G08,207131870073,R20C04
MS10S/DH160798-349,UWMad2024Gutierrez-B3K-02,MS10S/DH160798,349,H08,207131870073,R23C04
MS10S/DH160798-350,UWMad2024Gutierrez-B3K-02,MS10S/DH160798,350,A09,207131870073,R03C01
MS10S/DH160798-351,UWMad2024Gutierrez-B3K-02,MS10S/DH160798,351,B09,207131870073,R06C01
MS10S/DH160798-352,UWMad2024Gutierrez-B3K-02,MS10S/DH160798,352,C09,207131870073,R09C01
MS10S/DH160798-353,UWMad2024Gutierrez-B3K-02,MS10S/DH160798,353,D09,207131870073,R12C01
MS10S/DH160798-354,UWMad2024Gutierrez-B3K-02,MS10S/DH160798,354,E09,207131870073,R15C01
MS10S/DH160798-355,UWMad2024Gutierrez-B3K-02,MS10S/DH160798,355,F09,207131870073,R18C01
MS10S/DH160798-356,UWMad2024Gutierrez-B3K-02,MS10S/DH160798,356,G09,207131870073,R21C01
MS10S/DH160798-357,UWMad2024Gutierrez-B3K-02,MS10S/DH160798,357,H09,207131870073,R24C01
MS10S/DH160798-358,UWMad2024Gutierrez-B3K-02,MS10S/DH160798,358,A10,207131870073,R03C02
MS10S/DH160798-359,UWMad2024Gutierrez-B3K-02,MS10S/DH160798,359,B10,207131870073,R06C02
MS10S/DH160798-360,UWMad2024Gutierrez-B3K-02,MS10S/DH160798,360,C10,207131870073,R09C02
MS10S/DH160798-361,UWMad2024Gutierrez-B3K-02,MS10S/DH160798,361,D10,207131870073,R12C02
MS10S/DH160798-362,UWMad2024Gutierrez-B3K-02,MS10S/DH160798,362,E10,207131870073,R15C02
DH160798/PurplePrince-375,UWMad2024Gutierrez-B3K-02,DH160798/PurplePrince,375,F10,207131870073,R18C02
DH160798/PurplePrince-376,UWMad2024Gutierrez-B3K-02,DH160798/PurplePrince,376,G10,207131870073,R21C02
DH160798/PurplePrince-377,UWMad2024Gutierrez-B3K-02,DH160798/PurplePrince,377,H10,207131870073,R24C02
DH160798/PurplePrince-378,UWMad2024Gutierrez-B3K-02,DH160798/PurplePrince,378,A11,207131870073,R03C03
DH160798/PurplePrince-379,UWMad2024Gutierrez-B3K-02,DH160798/PurplePrince,379,B11,207131870073,R06C03
DH160798/PurplePrince-380,UWMad2024Gutierrez-B3K-02,DH160798/PurplePrince,380,C11,207131870073,R09C03
DH160798/PurplePrince-381,UWMad2024Gutierrez-B3K-02,DH160798/PurplePrince,381,D11,207131870073,R12C03
DH160798/PurplePrince-382,UWMad2024Gutierrez-B3K-02,DH160798/PurplePrince,382,E11,207131870073,R15C03
DH160798/PurplePrince-383,UWMad2024Gutierrez-B3K-02,DH160798/PurplePrince,383,F11,207131870073,R18C03
DH160798/PurplePrince-384,UWMad2024Gutierrez-B3K-02,DH160798/PurplePrince,384,G11,207131870073,R21C03
DH160798/PurplePrince-385,UWMad2024Gutierrez-B3K-02,DH160798/PurplePrince,385,H11,207131870073,R24C03
DH160798/PurplePrince-386,UWMad2024Gutierrez-B3K-02,DH160798/PurplePrince,386,A12,207131870073,R03C04
DH160798/PurplePrince-387,UWMad2024Gutierrez-B3K-02,DH160798/PurplePrince,387,B12,207131870073,R06C04
DH160798/PurplePrince-388,UWMad2024Gutierrez-B3K-02,DH160798/PurplePrince,388,C12,207131870073,R09C04
DH160798/PurplePrince-389,UWMad2024Gutierrez-B3K-02,DH160798/PurplePrince,389,D12,207131870073,R12C04
DH130910/Purple-Prince-401,UWMad2024Gutierrez-B3K-02,DH130910/Purple-Prince,401,E12,207131870073,R15C04
DH130910/Purple-Prince-409,UWMad2024Gutierrez-B3K-02,DH130910/Purple-Prince,409,F12,207131870073,R18C04
DH130910/Purple-Prince-417,UWMad2024Gutierrez-B3K-02,DH130910/Purple-Prince,417,G12,207131870073,R21C04
DH130910/Purple-Prince-425,UWMad2024Gutierrez-B3K-02,DH130910/Purple-Prince,425,H12,207131870073,R24C04
DH130910/Purple-Prince-438,UWMad2024Gutierrez-B3K-03,DH130910/Purple-Prince,438,A01,207131870095,R01C01
DH130910/Purple-Prince-443,UWMad2024Gutierrez-B3K-03,DH130910/Purple-Prince,443,B01,207131870095,R04C01
DH130910/Purple-Prince-449,UWMad2024Gutierrez-B3K-03,DH130910/Purple-Prince,449,C01,207131870095,R07C01
DH130910/Purple-Prince-457,UWMad2024Gutierrez-B3K-03,DH130910/Purple-Prince,457,D01,207131870095,R10C01
DH131055/Purple-Prince-466,UWMad2024Gutierrez-B3K-03,DH131055/Purple-Prince,466,E01,207131870095,R13C01
DH131055/Purple-Prince-473,UWMad2024Gutierrez-B3K-03,DH131055/Purple-Prince,473,F01,207131870095,R16C01
DH131055/Purple-Prince-481,UWMad2024Gutierrez-B3K-03,DH131055/Purple-Prince,481,G01,207131870095,R19C01
DH131055/Purple-Prince-489,UWMad2024Gutierrez-B3K-03,DH131055/Purple-Prince,489,H01,207131870095,R22C01
DH131055/Purple-Prince-497,UWMad2024Gutierrez-B3K-03,DH131055/Purple-Prince,497,A02,207131870095,R01C02
DH131055/Purple-Prince-505,UWMad2024Gutierrez-B3K-03,DH131055/Purple-Prince,505,B02,207131870095,R04C02
DH131055/Purple-Prince-513,UWMad2024Gutierrez-B3K-03,DH131055/Purple-Prince,513,C02,207131870095,R07C02
DH131055/Purple-Prince-521,UWMad2024Gutierrez-B3K-03,DH131055/Purple-Prince,521,D02,207131870095,R10C02
MTV-Color-183/Purple-Prince-529,UWMad2024Gutierrez-B3K-03,MTV-Color-183/Purple-Prince,529,E02,207131870095,R13C02
DH131055/Buck-537,UWMad2024Gutierrez-B3K-03,DH131055/Buck,537,F02,207131870095,R16C02
DH131055/Buck-545,UWMad2024Gutierrez-B3K-03,DH131055/Buck,545,G02,207131870095,R19C02
DH131055/Buck-553,UWMad2024Gutierrez-B3K-03,DH131055/Buck,553,H02,207131870095,R22C02
DH131055/Buck-561,UWMad2024Gutierrez-B3K-03,DH131055/Buck,561,A03,207131870095,R01C03
DH131055/Buck-569,UWMad2024Gutierrez-B3K-03,DH131055/Buck,569,B03,207131870095,R04C03
DH131055/Buck-577,UWMad2024Gutierrez-B3K-03,DH131055/Buck,577,C03,207131870095,R07C03
DH131055/Buck-585,UWMad2024Gutierrez-B3K-03,DH131055/Buck,585,D03,207131870095,R10C03
DH131055/Buck-593,UWMad2024Gutierrez-B3K-03,DH131055/Buck,593,E03,207131870095,R13C03
DH131055/Buck-601,UWMad2024Gutierrez-B3K-03,DH131055/Buck,601,F03,207131870095,R16C03
DH131055/Buck-609,UWMad2024Gutierrez-B3K-03,DH131055/Buck,609,G03,207131870095,R19C03
DH133529/Buck-617,UWMad2024Gutierrez-B3K-03,DH133529/Buck,617,H03,207131870095,R22C03
DH133529/Buck-626,UWMad2024Gutierrez-B3K-03,DH133529/Buck,626,A04,207131870095,R01C04
DH133529/Buck-628,UWMad2024Gutierrez-B3K-03,DH133529/Buck,628,B04,207131870095,R04C04
DH133529/Buck-641,UWMad2024Gutierrez-B3K-03,DH133529/Buck,641,C04,207131870095,R07C04
DH133529/Buck-649,UWMad2024Gutierrez-B3K-03,DH133529/Buck,649,D04,207131870095,R10C04
DH133529/Buck-663,UWMad2024Gutierrez-B3K-03,DH133529/Buck,663,E04,207131870095,R13C04
DH133529/Buck-665,UWMad2024Gutierrez-B3K-03,DH133529/Buck,665,F04,207131870095,R16C04
DH133529/Buck-676,UWMad2024Gutierrez-B3K-03,DH133529/Buck,676,G04,207131870095,R19C04
DH133529/Buck-682,UWMad2024Gutierrez-B3K-03,DH133529/Buck,682,H04,207131870095,R22C04
DH133529/Buck-689,UWMad2024Gutierrez-B3K-03,DH133529/Buck,689,A05,207131870095,R02C01
DH133529/Buck-697,UWMad2024Gutierrez-B3K-03,DH133529/Buck,697,B05,207131870095,R05C01
DH133529/Buck-705,UWMad2024Gutierrez-B3K-03,DH133529/Buck,705,C05,207131870095,R08C01
DH133529/Buck-713,UWMad2024Gutierrez-B3K-03,DH133529/Buck,713,D05,207131870095,R11C01
DH133529/Buck-730,UWMad2024Gutierrez-B3K-03,DH133529/Buck,730,E05,207131870095,R14C01
DH133529/Buck-731,UWMad2024Gutierrez-B3K-03,DH133529/Buck,731,F05,207131870095,R17C01
DH133529/Buck-737,UWMad2024Gutierrez-B3K-03,DH133529/Buck,737,G05,207131870095,R20C01
DH133529/Buck-745,UWMad2024Gutierrez-B3K-03,DH133529/Buck,745,H05,207131870095,R23C01
DH133529/Buck-754,UWMad2024Gutierrez-B3K-03,DH133529/Buck,754,A06,207131870095,R02C02
DH133529/Buck-762,UWMad2024Gutierrez-B3K-03,DH133529/Buck,762,B06,207131870095,R05C02
DH133529/Buck-769,UWMad2024Gutierrez-B3K-03,DH133529/Buck,769,C06,207131870095,R08C02
DH133529/Buck-777,UWMad2024Gutierrez-B3K-03,DH133529/Buck,777,D06,207131870095,R11C02
DH133529/Buck-785,UWMad2024Gutierrez-B3K-03,DH133529/Buck,785,E06,207131870095,R14C02
DH133529/Buck-794,UWMad2024Gutierrez-B3K-03,DH133529/Buck,794,F06,207131870095,R17C02
DH133529/Buck-802,UWMad2024Gutierrez-B3K-03,DH133529/Buck,802,G06,207131870095,R20C02
DH133529/Buck-809,UWMad2024Gutierrez-B3K-03,DH133529/Buck,809,H06,207131870095,R23C02
DH133529/Buck-818,UWMad2024Gutierrez-B3K-03,DH133529/Buck,818,A07,207131870095,R02C03
DH133529/Buck-828,UWMad2024Gutierrez-B3K-03,DH133529/Buck,828,B07,207131870095,R05C03
DH133529/Buck-833,UWMad2024Gutierrez-B3K-03,DH133529/Buck,833,C07,207131870095,R08C03
DH133529/Buck-842,UWMad2024Gutierrez-B3K-03,DH133529/Buck,842,D07,207131870095,R11C03
DH133529/Buck-849,UWMad2024Gutierrez-B3K-03,DH133529/Buck,849,E07,207131870095,R14C03
DH131055/Buck-857,UWMad2024Gutierrez-B3K-03,DH131055/Buck,857,F07,207131870095,R17C03
DH131055/Buck-865,UWMad2024Gutierrez-B3K-03,DH131055/Buck,865,G07,207131870095,R20C03
DH131055/Buck-873,UWMad2024Gutierrez-B3K-03,DH131055/Buck,873,H07,207131870095,R23C03
DH131055/Buck-881,UWMad2024Gutierrez-B3K-03,DH131055/Buck,881,A08,207131870095,R02C04
DH131055/Buck-889,UWMad2024Gutierrez-B3K-03,DH131055/Buck,889,B08,207131870095,R05C04
DH131055/Buck-897,UWMad2024Gutierrez-B3K-03,DH131055/Buck,897,C08,207131870095,R08C04
DH131055/Buck-905,UWMad2024Gutierrez-B3K-03,DH131055/Buck,905,D08,207131870095,R11C04
DH131055/Buck-914,UWMad2024Gutierrez-B3K-03,DH131055/Buck,914,E08,207131870095,R14C04
DH131055/Buck-921,UWMad2024Gutierrez-B3K-03,DH131055/Buck,921,F08,207131870095,R17C04
DH130910/Buck-929,UWMad2024Gutierrez-B3K-03,DH130910/Buck,929,G08,207131870095,R20C04
DH130910/Buck-937,UWMad2024Gutierrez-B3K-03,DH130910/Buck,937,H08,207131870095,R23C04
DH130910/Buck-945,UWMad2024Gutierrez-B3K-03,DH130910/Buck,945,A09,207131870095,R03C01
DH130910/Buck-953,UWMad2024Gutierrez-B3K-03,DH130910/Buck,953,B09,207131870095,R06C01
DH130910/Buck-961,UWMad2024Gutierrez-B3K-03,DH130910/Buck,961,C09,207131870095,R09C01
DH130910/Buck-969,UWMad2024Gutierrez-B3K-03,DH130910/Buck,969,D09,207131870095,R12C01
DH130910/Buck-977,UWMad2024Gutierrez-B3K-03,DH130910/Buck,977,E09,207131870095,R15C01
DH130910/Buck-985,UWMad2024Gutierrez-B3K-03,DH130910/Buck,985,F09,207131870095,R18C01
DH130910/Buck-993,UWMad2024Gutierrez-B3K-03,DH130910/Buck,993,G09,207131870095,R21C01
DH130910/Buck-1001,UWMad2024Gutierrez-B3K-03,DH130910/Buck,1001,H09,207131870095,R24C01
DH130910/Buck-1009,UWMad2024Gutierrez-B3K-03,DH130910/Buck,1009,A10,207131870095,R03C02
DH130910/Buck-1017,UWMad2024Gutierrez-B3K-03,DH130910/Buck,1017,B10,207131870095,R06C02
DH130910/Buck-1025,UWMad2024Gutierrez-B3K-03,DH130910/Buck,1025,C10,207131870095,R09C02
DH130910/Buck-1033,UWMad2024Gutierrez-B3K-03,DH130910/Buck,1033,D10,207131870095,R12C02
DH130910/Buck-1041,UWMad2024Gutierrez-B3K-03,DH130910/Buck,1041,E10,207131870095,R15C02
DH130910/Buck-1049,UWMad2024Gutierrez-B3K-03,DH130910/Buck,1049,F10,207131870095,R18C02
DH130910/Buck-1057,UWMad2024Gutierrez-B3K-03,DH130910/Buck,1057,G10,207131870095,R21C02
DH130910/Buck-1065,UWMad2024Gutierrez-B3K-03,DH130910/Buck,1065,H10,207131870095,R24C02
DH130910/Buck-1073,UWMad2024Gutierrez-B3K-03,DH130910/Buck,1073,A11,207131870095,R03C03
DH130910/Buck-1081,UWMad2024Gutierrez-B3K-03,DH130910/Buck,1081,B11,207131870095,R06C03
DH130910/Buck-1089,UWMad2024Gutierrez-B3K-03,DH130910/Buck,1089,C11,207131870095,R09C03
DH130910/Buck-1097,UWMad2024Gutierrez-B3K-03,DH130910/Buck,1097,D11,207131870095,R12C03
DH130910/Buck-1105,UWMad2024Gutierrez-B3K-03,DH130910/Buck,1105,E11,207131870095,R15C03
DH130910/Buck-1113,UWMad2024Gutierrez-B3K-03,DH130910/Buck,1113,F11,207131870095,R18C03
DH130910/Buck-1121,UWMad2024Gutierrez-B3K-03,DH130910/Buck,1121,G11,207131870095,R21C03
BuckxMTV-Color-813-1129,UWMad2024Gutierrez-B3K-03,BuckxMTV-Color-813,1129,H11,207131870095,R24C03
MS0S411-01xMTV-Color-813-1137,UWMad2024Gutierrez-B3K-03,MS0S411-01xMTV-Color-813,1137,A12,207131870095,R03C04
09WA-265.12xMS0S411-01-1145,UWMad2024Gutierrez-B3K-03,09WA-265.12xMS0S411-01,1145,B12,207131870095,R06C04
DH131055xMS0S411-01-1153,UWMad2024Gutierrez-B3K-03,DH131055xMS0S411-01,1153,C12,207131870095,R09C04
DH131055xMS0S411-01-1161,UWMad2024Gutierrez-B3K-03,DH131055xMS0S411-01,1161,D12,207131870095,R12C04
DH131055xMS0S411-01-1169,UWMad2024Gutierrez-B3K-03,DH131055xMS0S411-01,1169,E12,207131870095,R15C04
DH131055xMS0S411-01-1177,UWMad2024Gutierrez-B3K-03,DH131055xMS0S411-01,1177,F12,207131870095,R18C04
DH131055xMS0S411-01-1185,UWMad2024Gutierrez-B3K-03,DH131055xMS0S411-01,1185,G12,207131870095,R21C04
DH131055xMS0S411-01-1193,UWMad2024Gutierrez-B3K-03,DH131055xMS0S411-01,1193,H12,207131870095,R24C04
DH131055xMS0S411-01-1201,UWMad2024Gutierrez-B3K-04,DH131055xMS0S411-01,1201,A01,207131870099,R01C01
DH131055xMS0S411-01-1209,UWMad2024Gutierrez-B3K-04,DH131055xMS0S411-01,1209,B01,207131870099,R04C01
DH131055xMS0S411-01-1217,UWMad2024Gutierrez-B3K-04,DH131055xMS0S411-01,1217,C01,207131870099,R07C01
DH131055xMS0S411-01-1225,UWMad2024Gutierrez-B3K-04,DH131055xMS0S411-01,1225,D01,207131870099,R10C01
DH131055xMS0S411-01-1233,UWMad2024Gutierrez-B3K-04,DH131055xMS0S411-01,1233,E01,207131870099,R13C01
DH131055xMS0S411-01-1241,UWMad2024Gutierrez-B3K-04,DH131055xMS0S411-01,1241,F01,207131870099,R16C01
DH131055xMS0S411-01-1249,UWMad2024Gutierrez-B3K-04,DH131055xMS0S411-01,1249,G01,207131870099,R19C01
DH131055xMS0S411-01-1258,UWMad2024Gutierrez-B3K-04,DH131055xMS0S411-01,1258,H01,207131870099,R22C01
DH131055xMS0S411-01-1265,UWMad2024Gutierrez-B3K-04,DH131055xMS0S411-01,1265,A02,207131870099,R01C02
DH131055xMS0S411-01-1273,UWMad2024Gutierrez-B3K-04,DH131055xMS0S411-01,1273,B02,207131870099,R04C02
DH131055xMS0S411-01-1284,UWMad2024Gutierrez-B3K-04,DH131055xMS0S411-01,1284,C02,207131870099,R07C02
DH131055xMS0S411-01-1289,UWMad2024Gutierrez-B3K-04,DH131055xMS0S411-01,1289,D02,207131870099,R10C02
DH131055xMS0S411-01-1297,UWMad2024Gutierrez-B3K-04,DH131055xMS0S411-01,1297,E02,207131870099,R13C02
DH131055xMS0S411-01-1307,UWMad2024Gutierrez-B3K-04,DH131055xMS0S411-01,1307,F02,207131870099,R16C02
DH131055xMS0S411-01-1313,UWMad2024Gutierrez-B3K-04,DH131055xMS0S411-01,1313,G02,207131870099,R19C02
DH131055xMS0S411-01-1322,UWMad2024Gutierrez-B3K-04,DH131055xMS0S411-01,1322,H02,207131870099,R22C02
DH130910xMS0S411-01-1329,UWMad2024Gutierrez-B3K-04,DH130910xMS0S411-01,1329,A03,207131870099,R01C03
DH130910xMS0S411-01-1337,UWMad2024Gutierrez-B3K-04,DH130910xMS0S411-01,1337,B03,207131870099,R04C03
DH130910xMS0S411-01-1345,UWMad2024Gutierrez-B3K-04,DH130910xMS0S411-01,1345,C03,207131870099,R07C03
DH130910xMS0S411-01-1354,UWMad2024Gutierrez-B3K-04,DH130910xMS0S411-01,1354,D03,207131870099,R10C03
DH130910xMS0S411-01-1361,UWMad2024Gutierrez-B3K-04,DH130910xMS0S411-01,1361,E03,207131870099,R13C03
DH130910xMS0S411-01-1369,UWMad2024Gutierrez-B3K-04,DH130910xMS0S411-01,1369,F03,207131870099,R16C03
DH130910xMS0S411-01-1378,UWMad2024Gutierrez-B3K-04,DH130910xMS0S411-01,1378,G03,207131870099,R19C03
DH130910xMS0S411-01-1386,UWMad2024Gutierrez-B3K-04,DH130910xMS0S411-01,1386,H03,207131870099,R22C03
DH130910xMS0S411-01-1393,UWMad2024Gutierrez-B3K-04,DH130910xMS0S411-01,1393,A04,207131870099,R01C04
DH130910xMS0S411-01-1401,UWMad2024Gutierrez-B3K-04,DH130910xMS0S411-01,1401,B04,207131870099,R04C04
DH130910xMS0S411-01-1409,UWMad2024Gutierrez-B3K-04,DH130910xMS0S411-01,1409,C04,207131870099,R07C04
DH130910xMS0S411-01-1417,UWMad2024Gutierrez-B3K-04,DH130910xMS0S411-01,1417,D04,207131870099,R10C04
DH130910xMS0S411-01-1425,UWMad2024Gutierrez-B3K-04,DH130910xMS0S411-01,1425,E04,207131870099,R13C04
DH130910xMS0S411-01-1433,UWMad2024Gutierrez-B3K-04,DH130910xMS0S411-01,1433,F04,207131870099,R16C04
DH130910xMS0S411-01-1441,UWMad2024Gutierrez-B3K-04,DH130910xMS0S411-01,1441,G04,207131870099,R19C04
DH130910xMS0S411-01-1450,UWMad2024Gutierrez-B3K-04,DH130910xMS0S411-01,1450,H04,207131870099,R22C04
DH130910xMS0S411-01-1457,UWMad2024Gutierrez-B3K-04,DH130910xMS0S411-01,1457,A05,207131870099,R02C01
DH130910xMS0S411-01-1465,UWMad2024Gutierrez-B3K-04,DH130910xMS0S411-01,1465,B05,207131870099,R05C01
DH130910xMS0S411-01-1474,UWMad2024Gutierrez-B3K-04,DH130910xMS0S411-01,1474,C05,207131870099,R08C01
DH130910xMS0S411-01-1481,UWMad2024Gutierrez-B3K-04,DH130910xMS0S411-01,1481,D05,207131870099,R11C01
DH130910xMS0S411-01-1489,UWMad2024Gutierrez-B3K-04,DH130910xMS0S411-01,1489,E05,207131870099,R14C01
DH130910xMS0S411-01-1497,UWMad2024Gutierrez-B3K-04,DH130910xMS0S411-01,1497,F05,207131870099,R17C01
DH130910xMS0S411-01-1505,UWMad2024Gutierrez-B3K-04,DH130910xMS0S411-01,1505,G05,207131870099,R20C01
BUCK/LWG-7778-1614,UWMad2024Gutierrez-B3K-04,BUCK/LWG-7778,1614,H05,207131870099,R23C01
BUCK/LWG-7778-1602,UWMad2024Gutierrez-B3K-04,BUCK/LWG-7778,1602,A06,207131870099,R02C02
BUCK/LWG-7778-1603,UWMad2024Gutierrez-B3K-04,BUCK/LWG-7778,1603,B06,207131870099,R05C02
BUCK/LWG-7778-1604,UWMad2024Gutierrez-B3K-04,BUCK/LWG-7778,1604,C06,207131870099,R08C02
BUCK/LWG-7778-1605,UWMad2024Gutierrez-B3K-04,BUCK/LWG-7778,1605,D06,207131870099,R11C02
BUCK/LWG-7778-1606,UWMad2024Gutierrez-B3K-04,BUCK/LWG-7778,1606,E06,207131870099,R14C02
BUCK/LWG-7778-1607,UWMad2024Gutierrez-B3K-04,BUCK/LWG-7778,1607,F06,207131870099,R17C02
BUCK/LWG-7778-1608,UWMad2024Gutierrez-B3K-04,BUCK/LWG-7778,1608,G06,207131870099,R20C02
BUCK/LWG-7778-1615,UWMad2024Gutierrez-B3K-04,BUCK/LWG-7778,1615,H06,207131870099,R23C02
BUCK/LWG-7778-1610,UWMad2024Gutierrez-B3K-04,BUCK/LWG-7778,1610,A07,207131870099,R02C03
BUCK/LWG-7778-1611,UWMad2024Gutierrez-B3K-04,BUCK/LWG-7778,1611,B07,207131870099,R05C03
BUCK/LWG-7778-1612,UWMad2024Gutierrez-B3K-04,BUCK/LWG-7778,1612,C07,207131870099,R08C03
BUCK/LWG-7778-1613,UWMad2024Gutierrez-B3K-04,BUCK/LWG-7778,1613,D07,207131870099,R11C03
PURPLEPRINCE/LWG-7778-1631,UWMad2024Gutierrez-B3K-04,PURPLEPRINCE/LWG-7778,1631,E07,207131870099,R14C03
PURPLEPRINCE/LWG-7778-1632,UWMad2024Gutierrez-B3K-04,PURPLEPRINCE/LWG-7778,1632,F07,207131870099,R17C03
PURPLEPRINCE/LWG-7778-1633,UWMad2024Gutierrez-B3K-04,PURPLEPRINCE/LWG-7778,1633,G07,207131870099,R20C03
PURPLEPRINCE/LWG-7778-1644,UWMad2024Gutierrez-B3K-04,PURPLEPRINCE/LWG-7778,1644,H07,207131870099,R23C03
PURPLEPRINCE/LWG-7778-1635,UWMad2024Gutierrez-B3K-04,PURPLEPRINCE/LWG-7778,1635,A08,207131870099,R02C04
PURPLEPRINCE/LWG-7778-1636,UWMad2024Gutierrez-B3K-04,PURPLEPRINCE/LWG-7778,1636,B08,207131870099,R05C04
PURPLEPRINCE/LWG-7778-1637,UWMad2024Gutierrez-B3K-04,PURPLEPRINCE/LWG-7778,1637,C08,207131870099,R08C04
PURPLEPRINCE/LWG-7778-1638,UWMad2024Gutierrez-B3K-04,PURPLEPRINCE/LWG-7778,1638,D08,207131870099,R11C04
PURPLEPRINCE/LWG-7778-1645,UWMad2024Gutierrez-B3K-04,PURPLEPRINCE/LWG-7778,1645,E08,207131870099,R14C04
PURPLEPRINCE/LWG-7778-1640,UWMad2024Gutierrez-B3K-04,PURPLEPRINCE/LWG-7778,1640,F08,207131870099,R17C04
PURPLEPRINCE/LWG-7778-1641,UWMad2024Gutierrez-B3K-04,PURPLEPRINCE/LWG-7778,1641,G08,207131870099,R20C04
PURPLEPRINCE/LWG-7778-1646,UWMad2024Gutierrez-B3K-04,PURPLEPRINCE/LWG-7778,1646,H08,207131870099,R23C04
PURPLEPRINCE/LWG-7778-1643,UWMad2024Gutierrez-B3K-04,PURPLEPRINCE/LWG-7778,1643,A09,207131870099,R03C01
MS1054111-01/LWG-7778-1661,UWMad2024Gutierrez-B3K-04,MS1054111-01/LWG-7778,1661,B09,207131870099,R06C01
MS1054111-01/LWG-7778-1662,UWMad2024Gutierrez-B3K-04,MS1054111-01/LWG-7778,1662,C09,207131870099,R09C01
MS1054111-01/LWG-7778-1663,UWMad2024Gutierrez-B3K-04,MS1054111-01/LWG-7778,1663,D09,207131870099,R12C01
MS1054111-01/LWG-7778-1664,UWMad2024Gutierrez-B3K-04,MS1054111-01/LWG-7778,1664,E09,207131870099,R15C01
MS1054111-01/LWG-7778-1665,UWMad2024Gutierrez-B3K-04,MS1054111-01/LWG-7778,1665,F09,207131870099,R18C01
MS1054111-01/LWG-7778-1666,UWMad2024Gutierrez-B3K-04,MS1054111-01/LWG-7778,1666,G09,207131870099,R21C01
MS1054111-01/LWG-7778-1667,UWMad2024Gutierrez-B3K-04,MS1054111-01/LWG-7778,1667,H09,207131870099,R24C01
MS1054111-01/LWG-7778-1668,UWMad2024Gutierrez-B3K-04,MS1054111-01/LWG-7778,1668,A10,207131870099,R03C02
MS1054111-01/LWG-7778-1669,UWMad2024Gutierrez-B3K-04,MS1054111-01/LWG-7778,1669,B10,207131870099,R06C02
MS1054111-01/LWG-7778-1670,UWMad2024Gutierrez-B3K-04,MS1054111-01/LWG-7778,1670,C10,207131870099,R09C02
MS1054111-01/LWG-7778-1671,UWMad2024Gutierrez-B3K-04,MS1054111-01/LWG-7778,1671,D10,207131870099,R12C02
MS1054111-01/LWG-7778-1672,UWMad2024Gutierrez-B3K-04,MS1054111-01/LWG-7778,1672,E10,207131870099,R15C02
MS1054111-01/LWG-7778-1673,UWMad2024Gutierrez-B3K-04,MS1054111-01/LWG-7778,1673,F10,207131870099,R18C02
OP150/BUCK-1691,UWMad2024Gutierrez-B3K-04,OP150/BUCK,1691,G10,207131870099,R21C02
OP150/BUCK-1692,UWMad2024Gutierrez-B3K-04,OP150/BUCK,1692,H10,207131870099,R24C02
OP150/BUCK-1704,UWMad2024Gutierrez-B3K-04,OP150/BUCK,1704,A11,207131870099,R03C03
OP150/BUCK-1694,UWMad2024Gutierrez-B3K-04,OP150/BUCK,1694,B11,207131870099,R06C03
OP150/BUCK-1705,UWMad2024Gutierrez-B3K-04,OP150/BUCK,1705,C11,207131870099,R09C03
OP150/BUCK-1696,UWMad2024Gutierrez-B3K-04,OP150/BUCK,1696,D11,207131870099,R12C03
OP150/BUCK-1697,UWMad2024Gutierrez-B3K-04,OP150/BUCK,1697,E11,207131870099,R15C03
OP150/BUCK-1698,UWMad2024Gutierrez-B3K-04,OP150/BUCK,1698,F11,207131870099,R18C03
OP150/BUCK-1699,UWMad2024Gutierrez-B3K-04,OP150/BUCK,1699,G11,207131870099,R21C03
OP150/BUCK-1700,UWMad2024Gutierrez-B3K-04,OP150/BUCK,1700,H11,207131870099,R24C03
OP150/BUCK-1701,UWMad2024Gutierrez-B3K-04,OP150/BUCK,1701,A12,207131870099,R03C04
OP150/BUCK-1702,UWMad2024Gutierrez-B3K-04,OP150/BUCK,1702,B12,207131870099,R06C04
OP150/BUCK-1707,UWMad2024Gutierrez-B3K-04,OP150/BUCK,1707,C12,207131870099,R09C04
OP150/PURPLEPRINCE-1721,UWMad2024Gutierrez-B3K-04,OP150/PURPLEPRINCE,1721,D12,207131870099,R12C04
OP150/PURPLEPRINCE-1722,UWMad2024Gutierrez-B3K-04,OP150/PURPLEPRINCE,1722,E12,207131870099,R15C04
OP150/PURPLEPRINCE-1738,UWMad2024Gutierrez-B3K-04,OP150/PURPLEPRINCE,1738,F12,207131870099,R18C04
OP150/PURPLEPRINCE-1739,UWMad2024Gutierrez-B3K-04,OP150/PURPLEPRINCE,1739,G12,207131870099,R21C04
OP150/PURPLEPRINCE-1725,UWMad2024Gutierrez-B3K-04,OP150/PURPLEPRINCE,1725,H12,207131870099,R24C04
OP150/PURPLEPRINCE-1749,UWMad2024Gutierrez-B3K-05,OP150/PURPLEPRINCE,1749,A01,207986500006,R01C01
OP150/PURPLEPRINCE-1745,UWMad2024Gutierrez-B3K-05,OP150/PURPLEPRINCE,1745,B01,207986500006,R03C01
OP150/PURPLEPRINCE-1728,UWMad2024Gutierrez-B3K-05,OP150/PURPLEPRINCE,1728,C01,207986500006,R05C01
OP150/PURPLEPRINCE-1746,UWMad2024Gutierrez-B3K-05,OP150/PURPLEPRINCE,1746,D01,207986500006,R07C01
OP150/PURPLEPRINCE-1747,UWMad2024Gutierrez-B3K-05,OP150/PURPLEPRINCE,1747,E01,207986500006,R09C01
OP150/PURPLEPRINCE-1731,UWMad2024Gutierrez-B3K-05,OP150/PURPLEPRINCE,1731,F01,207986500006,R11C01
OP150/PURPLEPRINCE-1732,UWMad2024Gutierrez-B3K-05,OP150/PURPLEPRINCE,1732,G01,207986500006,R02C01
OP150/PURPLEPRINCE-1733,UWMad2024Gutierrez-B3K-05,OP150/PURPLEPRINCE,1733,H01,207986500006,R04C01
MS1054111-01/OP150-1751,UWMad2024Gutierrez-B3K-05,MS1054111-01/OP150,1751,A02,207986500006,R06C01
MS1054111-01/OP150-1752,UWMad2024Gutierrez-B3K-05,MS1054111-01/OP150,1752,B02,207986500006,R08C01
MS1054111-01/OP150-1753,UWMad2024Gutierrez-B3K-05,MS1054111-01/OP150,1753,C02,207986500006,R10C01
MS1054111-01/OP150-1754,UWMad2024Gutierrez-B3K-05,MS1054111-01/OP150,1754,D02,207986500006,R12C01
MS1054111-01/OP150-1755,UWMad2024Gutierrez-B3K-05,MS1054111-01/OP150,1755,E02,207986500006,R01C02
MS1054111-01/OP150-1756,UWMad2024Gutierrez-B3K-05,MS1054111-01/OP150,1756,F02,207986500006,R03C02
MS1054111-01/OP150-1757,UWMad2024Gutierrez-B3K-05,MS1054111-01/OP150,1757,G02,207986500006,R05C02
MS1054111-01/OP150-1758,UWMad2024Gutierrez-B3K-05,MS1054111-01/OP150,1758,H02,207986500006,R07C02
MS1054111-01/OP150-1759,UWMad2024Gutierrez-B3K-05,MS1054111-01/OP150,1759,A03,207986500006,R09C02
MS1054111-01/OP150-1760,UWMad2024Gutierrez-B3K-05,MS1054111-01/OP150,1760,B03,207986500006,R11C02
MS1054111-01/OP150-1761,UWMad2024Gutierrez-B3K-05,MS1054111-01/OP150,1761,C03,207986500006,R02C02
MS1054111-01/OP150-1762,UWMad2024Gutierrez-B3K-05,MS1054111-01/OP150,1762,D03,207986500006,R04C02
MS1054111-01/OP150-1763,UWMad2024Gutierrez-B3K-05,MS1054111-01/OP150,1763,E03,207986500006,R06C02
I564/BUCK-1781,UWMad2024Gutierrez-B3K-05,I564/BUCK,1781,F03,207986500006,R08C02
I564/BUCK-1782,UWMad2024Gutierrez-B3K-05,I564/BUCK,1782,G03,207986500006,R10C02
I564/BUCK-1783,UWMad2024Gutierrez-B3K-05,I564/BUCK,1783,H03,207986500006,R12C02
I564/BUCK-1784,UWMad2024Gutierrez-B3K-05,I564/BUCK,1784,A04,207986500013,R01C01
I564/BUCK-1785,UWMad2024Gutierrez-B3K-05,I564/BUCK,1785,B04,207986500013,R03C01
I564/BUCK-1786,UWMad2024Gutierrez-B3K-05,I564/BUCK,1786,C04,207986500013,R05C01
I564/BUCK-1787,UWMad2024Gutierrez-B3K-05,I564/BUCK,1787,D04,207986500013,R07C01
I564/BUCK-1788,UWMad2024Gutierrez-B3K-05,I564/BUCK,1788,E04,207986500013,R09C01
I564/BUCK-1789,UWMad2024Gutierrez-B3K-05,I564/BUCK,1789,F04,207986500013,R11C01
I564/BUCK-1790,UWMad2024Gutierrez-B3K-05,I564/BUCK,1790,G04,207986500013,R02C01
I564/BUCK-1791,UWMad2024Gutierrez-B3K-05,I564/BUCK,1791,H04,207986500013,R04C01
I564/BUCK-1792,UWMad2024Gutierrez-B3K-05,I564/BUCK,1792,A05,207986500013,R06C01
I564/BUCK-1793,UWMad2024Gutierrez-B3K-05,I564/BUCK,1793,B05,207986500013,R08C01
I564/PURPLEPRINCE-1811,UWMad2024Gutierrez-B3K-05,I564/PURPLEPRINCE,1811,C05,207986500013,R10C01
I564/PURPLEPRINCE-1812,UWMad2024Gutierrez-B3K-05,I564/PURPLEPRINCE,1812,D05,207986500013,R12C01
I564/PURPLEPRINCE-1813,UWMad2024Gutierrez-B3K-05,I564/PURPLEPRINCE,1813,E05,207986500013,R01C02
I564/PURPLEPRINCE-1814,UWMad2024Gutierrez-B3K-05,I564/PURPLEPRINCE,1814,F05,207986500013,R03C02
I564/PURPLEPRINCE-1815,UWMad2024Gutierrez-B3K-05,I564/PURPLEPRINCE,1815,G05,207986500013,R05C02
I564/PURPLEPRINCE-1816,UWMad2024Gutierrez-B3K-05,I564/PURPLEPRINCE,1816,H05,207986500013,R07C02
I564/PURPLEPRINCE-1817,UWMad2024Gutierrez-B3K-05,I564/PURPLEPRINCE,1817,A06,207986500013,R09C02
I564/PURPLEPRINCE-1818,UWMad2024Gutierrez-B3K-05,I564/PURPLEPRINCE,1818,B06,207986500013,R11C02
I564/PURPLEPRINCE-1819,UWMad2024Gutierrez-B3K-05,I564/PURPLEPRINCE,1819,C06,207986500013,R02C02
I564/PURPLEPRINCE-1820,UWMad2024Gutierrez-B3K-05,I564/PURPLEPRINCE,1820,D06,207986500013,R04C02
I564/PURPLEPRINCE-1821,UWMad2024Gutierrez-B3K-05,I564/PURPLEPRINCE,1821,E06,207986500013,R06C02
I564/PURPLEPRINCE-1822,UWMad2024Gutierrez-B3K-05,I564/PURPLEPRINCE,1822,F06,207986500013,R08C02
I564/PURPLEPRINCE-1823,UWMad2024Gutierrez-B3K-05,I564/PURPLEPRINCE,1823,G06,207986500013,R10C02
I564/MS1054111-01-1841,UWMad2024Gutierrez-B3K-05,I564/MS1054111-01,1841,H06,207986500013,R12C02
I564/MS1054111-01-1842,UWMad2024Gutierrez-B3K-05,I564/MS1054111-01,1842,A07,207986500015,R01C01
I564/MS1054111-01-1843,UWMad2024Gutierrez-B3K-05,I564/MS1054111-01,1843,B07,207986500015,R03C01
I564/MS1054111-01-1844,UWMad2024Gutierrez-B3K-05,I564/MS1054111-01,1844,C07,207986500015,R05C01
I564/MS1054111-01-1845,UWMad2024Gutierrez-B3K-05,I564/MS1054111-01,1845,D07,207986500015,R07C01
I564/MS1054111-01-1846,UWMad2024Gutierrez-B3K-05,I564/MS1054111-01,1846,E07,207986500015,R09C01
I564/MS1054111-01-1847,UWMad2024Gutierrez-B3K-05,I564/MS1054111-01,1847,F07,207986500015,R11C01
I564/MS1054111-01-1848,UWMad2024Gutierrez-B3K-05,I564/MS1054111-01,1848,G07,207986500015,R02C01
I564/MS1054111-01-1849,UWMad2024Gutierrez-B3K-05,I564/MS1054111-01,1849,H07,207986500015,R04C01
I564/MS1054111-01-1850,UWMad2024Gutierrez-B3K-05,I564/MS1054111-01,1850,A08,207986500015,R06C01
I564/MS1054111-01-1851,UWMad2024Gutierrez-B3K-05,I564/MS1054111-01,1851,B08,207986500015,R08C01
I564/MS1054111-01-1852,UWMad2024Gutierrez-B3K-05,I564/MS1054111-01,1852,C08,207986500015,R10C01
I564/MS1054111-01-1853,UWMad2024Gutierrez-B3K-05,I564/MS1054111-01,1853,D08,207986500015,R12C01
MS1054111-01/I564-1871,UWMad2024Gutierrez-B3K-05,MS1054111-01/I564,1871,E08,207986500015,R01C02
MS1054111-01/I564-1872,UWMad2024Gutierrez-B3K-05,MS1054111-01/I564,1872,F08,207986500015,R03C02
MS1054111-01/I564-1873,UWMad2024Gutierrez-B3K-05,MS1054111-01/I564,1873,G08,207986500015,R05C02
MS1054111-01/I564-1874,UWMad2024Gutierrez-B3K-05,MS1054111-01/I564,1874,H08,207986500015,R07C02
MS1054111-01/I564-1875,UWMad2024Gutierrez-B3K-05,MS1054111-01/I564,1875,A09,207986500015,R09C02
MS1054111-01/I564-1876,UWMad2024Gutierrez-B3K-05,MS1054111-01/I564,1876,B09,207986500015,R11C02
MS1054111-01/I564-1877,UWMad2024Gutierrez-B3K-05,MS1054111-01/I564,1877,C09,207986500015,R02C02
MS1054111-01/I564-1878,UWMad2024Gutierrez-B3K-05,MS1054111-01/I564,1878,D09,207986500015,R04C02
MS1054111-01/I564-1879,UWMad2024Gutierrez-B3K-05,MS1054111-01/I564,1879,E09,207986500015,R06C02
MS1054111-01/I564-1880,UWMad2024Gutierrez-B3K-05,MS1054111-01/I564,1880,F09,207986500015,R08C02
MS1054111-01/I564-1881,UWMad2024Gutierrez-B3K-05,MS1054111-01/I564,1881,G09,207986500015,R10C02
MS1054111-01/I564-1882,UWMad2024Gutierrez-B3K-05,MS1054111-01/I564,1882,H09,207986500015,R12C02
MS1054111-01/I564-1883,UWMad2024Gutierrez-B3K-05,MS1054111-01/I564,1883,A10,207986500019,R01C01
FRANCINE/BUCK-1901,UWMad2024Gutierrez-B3K-05,FRANCINE/BUCK,1901,B10,207986500019,R03C01
FRANCINE/BUCK-1902,UWMad2024Gutierrez-B3K-05,FRANCINE/BUCK,1902,C10,207986500019,R05C01
FRANCINE/BUCK-1914,UWMad2024Gutierrez-B3K-05,FRANCINE/BUCK,1914,D10,207986500019,R07C01
FRANCINE/BUCK-1904,UWMad2024Gutierrez-B3K-05,FRANCINE/BUCK,1904,E10,207986500019,R09C01
FRANCINE/BUCK-1905,UWMad2024Gutierrez-B3K-05,FRANCINE/BUCK,1905,F10,207986500019,R11C01
FRANCINE/BUCK-1906,UWMad2024Gutierrez-B3K-05,FRANCINE/BUCK,1906,G10,207986500019,R02C01
FRANCINE/BUCK-1916,UWMad2024Gutierrez-B3K-05,FRANCINE/BUCK,1916,H10,207986500019,R04C01
FRANCINE/BUCK-1908,UWMad2024Gutierrez-B3K-05,FRANCINE/BUCK,1908,A11,207986500019,R06C01
FRANCINE/BUCK-1909,UWMad2024Gutierrez-B3K-05,FRANCINE/BUCK,1909,B11,207986500019,R08C01
FRANCINE/BUCK-1910,UWMad2024Gutierrez-B3K-05,FRANCINE/BUCK,1910,C11,207986500019,R10C01
FRANCINE/BUCK-1911,UWMad2024Gutierrez-B3K-05,FRANCINE/BUCK,1911,D11,207986500019,R12C01
FRANCINE/BUCK-1912,UWMad2024Gutierrez-B3K-05,FRANCINE/BUCK,1912,E11,207986500019,R01C02
FRANCINE/BUCK-1913,UWMad2024Gutierrez-B3K-05,FRANCINE/BUCK,1913,F11,207986500019,R03C02
BUCK/FRANCINE-1931,UWMad2024Gutierrez-B3K-05,BUCK/FRANCINE,1931,G11,207986500019,R05C02
BUCK/FRANCINE-1932,UWMad2024Gutierrez-B3K-05,BUCK/FRANCINE,1932,H11,207986500019,R07C02
BUCK/FRANCINE-1933,UWMad2024Gutierrez-B3K-05,BUCK/FRANCINE,1933,A12,207986500019,R09C02
BUCK/FRANCINE-1934,UWMad2024Gutierrez-B3K-05,BUCK/FRANCINE,1934,B12,207986500019,R11C02
BUCK/FRANCINE-1935,UWMad2024Gutierrez-B3K-05,BUCK/FRANCINE,1935,C12,207986500019,R02C02
BUCK/FRANCINE-1936,UWMad2024Gutierrez-B3K-05,BUCK/FRANCINE,1936,D12,207986500019,R04C02
BUCK/FRANCINE-1937,UWMad2024Gutierrez-B3K-05,BUCK/FRANCINE,1937,E12,207986500019,R06C02
BUCK/FRANCINE-1938,UWMad2024Gutierrez-B3K-05,BUCK/FRANCINE,1938,F12,207986500019,R08C02
BUCK/FRANCINE-1939,UWMad2024Gutierrez-B3K-05,BUCK/FRANCINE,1939,G12,207986500019,R10C02
BUCK/FRANCINE-1940,UWMad2024Gutierrez-B3K-05,BUCK/FRANCINE,1940,H12,207986500019,R12C02
BUCK/FRANCINE-1941,UWMad2024Gutierrez-B3K-06,BUCK/FRANCINE,1941,A01,207986500022,R01C01
BUCK/FRANCINE-1942,UWMad2024Gutierrez-B3K-06,BUCK/FRANCINE,1942,B01,207986500022,R03C01
BUCK/FRANCINE-1943,UWMad2024Gutierrez-B3K-06,BUCK/FRANCINE,1943,C01,207986500022,R05C01
PURPLEPRINCE/FRANCINE-1961,UWMad2024Gutierrez-B3K-06,PURPLEPRINCE/FRANCINE,1961,D01,207986500022,R07C01
PURPLEPRINCE/FRANCINE-1962,UWMad2024Gutierrez-B3K-06,PURPLEPRINCE/FRANCINE,1962,E01,207986500022,R09C01
PURPLEPRINCE/FRANCINE-1963,UWMad2024Gutierrez-B3K-06,PURPLEPRINCE/FRANCINE,1963,F01,207986500022,R11C01
PURPLEPRINCE/FRANCINE-1964,UWMad2024Gutierrez-B3K-06,PURPLEPRINCE/FRANCINE,1964,G01,207986500022,R02C01
PURPLEPRINCE/FRANCINE-1965,UWMad2024Gutierrez-B3K-06,PURPLEPRINCE/FRANCINE,1965,H01,207986500022,R04C01
PURPLEPRINCE/FRANCINE-1966,UWMad2024Gutierrez-B3K-06,PURPLEPRINCE/FRANCINE,1966,A02,207986500022,R06C01
PURPLEPRINCE/FRANCINE-1967,UWMad2024Gutierrez-B3K-06,PURPLEPRINCE/FRANCINE,1967,B02,207986500022,R08C01
PURPLEPRINCE/FRANCINE-1968,UWMad2024Gutierrez-B3K-06,PURPLEPRINCE/FRANCINE,1968,C02,207986500022,R10C01
PURPLEPRINCE/FRANCINE-1969,UWMad2024Gutierrez-B3K-06,PURPLEPRINCE/FRANCINE,1969,D02,207986500022,R12C01
PURPLEPRINCE/FRANCINE-1970,UWMad2024Gutierrez-B3K-06,PURPLEPRINCE/FRANCINE,1970,E02,207986500022,R01C02
PURPLEPRINCE/FRANCINE-1971,UWMad2024Gutierrez-B3K-06,PURPLEPRINCE/FRANCINE,1971,F02,207986500022,R03C02
PURPLEPRINCE/FRANCINE-1972,UWMad2024Gutierrez-B3K-06,PURPLEPRINCE/FRANCINE,1972,G02,207986500022,R05C02
PURPLEPRINCE/FRANCINE-1973,UWMad2024Gutierrez-B3K-06,PURPLEPRINCE/FRANCINE,1973,H02,207986500022,R07C02
FRANCINE/MS1054111-01-1991,UWMad2024Gutierrez-B3K-06,FRANCINE/MS1054111-01,1991,A03,207986500022,R09C02
FRANCINE/MS1054111-01-1992,UWMad2024Gutierrez-B3K-06,FRANCINE/MS1054111-01,1992,B03,207986500022,R11C02
FRANCINE/MS1054111-01-1993,UWMad2024Gutierrez-B3K-06,FRANCINE/MS1054111-01,1993,C03,207986500022,R02C02
FRANCINE/MS1054111-01-1994,UWMad2024Gutierrez-B3K-06,FRANCINE/MS1054111-01,1994,D03,207986500022,R04C02
FRANCINE/MS1054111-01-1995,UWMad2024Gutierrez-B3K-06,FRANCINE/MS1054111-01,1995,E03,207986500022,R06C02
FRANCINE/MS1054111-01-1996,UWMad2024Gutierrez-B3K-06,FRANCINE/MS1054111-01,1996,F03,207986500022,R08C02
FRANCINE/MS1054111-01-1997,UWMad2024Gutierrez-B3K-06,FRANCINE/MS1054111-01,1997,G03,207986500022,R10C02
FRANCINE/MS1054111-01-1998,UWMad2024Gutierrez-B3K-06,FRANCINE/MS1054111-01,1998,H03,207986500022,R12C02
FRANCINE/MS1054111-01-1999,UWMad2024Gutierrez-B3K-06,FRANCINE/MS1054111-01,1999,A04,207986500023,R01C01
FRANCINE/MS1054111-01-2000,UWMad2024Gutierrez-B3K-06,FRANCINE/MS1054111-01,2000,B04,207986500023,R03C01
FRANCINE/MS1054111-01-2001,UWMad2024Gutierrez-B3K-06,FRANCINE/MS1054111-01,2001,C04,207986500023,R05C01
FRANCINE/MS1054111-01-2002,UWMad2024Gutierrez-B3K-06,FRANCINE/MS1054111-01,2002,D04,207986500023,R07C01
MS1054111-01/FRANCINE-2021,UWMad2024Gutierrez-B3K-06,MS1054111-01/FRANCINE,2021,E04,207986500023,R09C01
MS1054111-01/FRANCINE-2022,UWMad2024Gutierrez-B3K-06,MS1054111-01/FRANCINE,2022,F04,207986500023,R11C01
MS1054111-01/FRANCINE-2023,UWMad2024Gutierrez-B3K-06,MS1054111-01/FRANCINE,2023,G04,207986500023,R02C01
MS1054111-01/FRANCINE-2024,UWMad2024Gutierrez-B3K-06,MS1054111-01/FRANCINE,2024,H04,207986500023,R04C01
MS1054111-01/FRANCINE-2025,UWMad2024Gutierrez-B3K-06,MS1054111-01/FRANCINE,2025,A05,207986500023,R06C01
MS1054111-01/FRANCINE-2026,UWMad2024Gutierrez-B3K-06,MS1054111-01/FRANCINE,2026,B05,207986500023,R08C01
MS1054111-01/FRANCINE-2027,UWMad2024Gutierrez-B3K-06,MS1054111-01/FRANCINE,2027,C05,207986500023,R10C01
MS1054111-01/FRANCINE-2028,UWMad2024Gutierrez-B3K-06,MS1054111-01/FRANCINE,2028,D05,207986500023,R12C01
MS1054111-01/FRANCINE-2029,UWMad2024Gutierrez-B3K-06,MS1054111-01/FRANCINE,2029,E05,207986500023,R01C02
MS1054111-01/FRANCINE-2030,UWMad2024Gutierrez-B3K-06,MS1054111-01/FRANCINE,2030,F05,207986500023,R03C02
MS1054111-01/FRANCINE-2031,UWMad2024Gutierrez-B3K-06,MS1054111-01/FRANCINE,2031,G05,207986500023,R05C02
UC1322/BUCK-2051,UWMad2024Gutierrez-B3K-06,UC1322/BUCK,2051,H05,207986500023,R07C02
UC1322/BUCK-2052,UWMad2024Gutierrez-B3K-06,UC1322/BUCK,2052,A06,207986500023,R09C02
UC1322/BUCK-2053,UWMad2024Gutierrez-B3K-06,UC1322/BUCK,2053,B06,207986500023,R11C02
UC1322/BUCK-2054,UWMad2024Gutierrez-B3K-06,UC1322/BUCK,2054,C06,207986500023,R02C02
UC1322/BUCK-2055,UWMad2024Gutierrez-B3K-06,UC1322/BUCK,2055,D06,207986500023,R04C02
UC1322/BUCK-2056,UWMad2024Gutierrez-B3K-06,UC1322/BUCK,2056,E06,207986500023,R06C02
UC1322/BUCK-2057,UWMad2024Gutierrez-B3K-06,UC1322/BUCK,2057,F06,207986500023,R08C02
UC1322/BUCK-2058,UWMad2024Gutierrez-B3K-06,UC1322/BUCK,2058,G06,207986500023,R10C02
UC1322/BUCK-2063,UWMad2024Gutierrez-B3K-06,UC1322/BUCK,2063,H06,207986500023,R12C02
UC1322/BUCK-2060,UWMad2024Gutierrez-B3K-06,UC1322/BUCK,2060,A07,207986500046,R01C01
UC1322/BUCK-2061,UWMad2024Gutierrez-B3K-06,UC1322/BUCK,2061,B07,207986500046,R03C01
UC1322/BUCK-2062,UWMad2024Gutierrez-B3K-06,UC1322/BUCK,2062,C07,207986500046,R05C01
BUCK/UC1322-2093,UWMad2024Gutierrez-B3K-06,BUCK/UC1322,2093,D07,207986500046,R07C01
BUCK/UC1322-2082,UWMad2024Gutierrez-B3K-06,BUCK/UC1322,2082,E07,207986500046,R09C01
BUCK/UC1322-2083,UWMad2024Gutierrez-B3K-06,BUCK/UC1322,2083,F07,207986500046,R11C01
BUCK/UC1322-2084,UWMad2024Gutierrez-B3K-06,BUCK/UC1322,2084,G07,207986500046,R02C01
BUCK/UC1322-2085,UWMad2024Gutierrez-B3K-06,BUCK/UC1322,2085,H07,207986500046,R04C01
BUCK/UC1322-2086,UWMad2024Gutierrez-B3K-06,BUCK/UC1322,2086,A08,207986500046,R06C01
BUCK/UC1322-2087,UWMad2024Gutierrez-B3K-06,BUCK/UC1322,2087,B08,207986500046,R08C01
BUCK/UC1322-2088,UWMad2024Gutierrez-B3K-06,BUCK/UC1322,2088,C08,207986500046,R10C01
BUCK/UC1322-2089,UWMad2024Gutierrez-B3K-06,BUCK/UC1322,2089,D08,207986500046,R12C01
BUCK/UC1322-2090,UWMad2024Gutierrez-B3K-06,BUCK/UC1322,2090,E08,207986500046,R01C02
BUCK/UC1322-2091,UWMad2024Gutierrez-B3K-06,BUCK/UC1322,2091,F08,207986500046,R03C02
BUCK/UC1322-2092,UWMad2024Gutierrez-B3K-06,BUCK/UC1322,2092,G08,207986500046,R05C02
UC1322/PURPLEPRINCE-2111,UWMad2024Gutierrez-B3K-06,UC1322/PURPLEPRINCE,2111,H08,207986500046,R07C02
UC1322/PURPLEPRINCE-2112,UWMad2024Gutierrez-B3K-06,UC1322/PURPLEPRINCE,2112,A09,207986500046,R09C02
UC1322/PURPLEPRINCE-2113,UWMad2024Gutierrez-B3K-06,UC1322/PURPLEPRINCE,2113,B09,207986500046,R11C02
UC1322/PURPLEPRINCE-2114,UWMad2024Gutierrez-B3K-06,UC1322/PURPLEPRINCE,2114,C09,207986500046,R02C02
UC1322/PURPLEPRINCE-2115,UWMad2024Gutierrez-B3K-06,UC1322/PURPLEPRINCE,2115,D09,207986500046,R04C02
UC1322/PURPLEPRINCE-2116,UWMad2024Gutierrez-B3K-06,UC1322/PURPLEPRINCE,2116,E09,207986500046,R06C02
UC1322/PURPLEPRINCE-2117,UWMad2024Gutierrez-B3K-06,UC1322/PURPLEPRINCE,2117,F09,207986500046,R08C02
UC1322/PURPLEPRINCE-2118,UWMad2024Gutierrez-B3K-06,UC1322/PURPLEPRINCE,2118,G09,207986500046,R10C02
UC1322/PURPLEPRINCE-2119,UWMad2024Gutierrez-B3K-06,UC1322/PURPLEPRINCE,2119,H09,207986500046,R12C02
UC1322/PURPLEPRINCE-2120,UWMad2024Gutierrez-B3K-06,UC1322/PURPLEPRINCE,2120,A10,207986500049,R01C01
UC1322/PURPLEPRINCE-2121,UWMad2024Gutierrez-B3K-06,UC1322/PURPLEPRINCE,2121,B10,207986500049,R03C01
UC1322/PURPLEPRINCE-2123,UWMad2024Gutierrez-B3K-06,UC1322/PURPLEPRINCE,2123,C10,207986500049,R05C01
MS1054111-01/UC1322-2141,UWMad2024Gutierrez-B3K-06,MS1054111-01/UC1322,2141,D10,207986500049,R07C01
MS1054111-01/UC1322-2142,UWMad2024Gutierrez-B3K-06,MS1054111-01/UC1322,2142,E10,207986500049,R09C01
MS1054111-01/UC1322-2143,UWMad2024Gutierrez-B3K-06,MS1054111-01/UC1322,2143,F10,207986500049,R11C01
MS1054111-01/UC1322-2144,UWMad2024Gutierrez-B3K-06,MS1054111-01/UC1322,2144,G10,207986500049,R02C01
MS1054111-01/UC1322-2145,UWMad2024Gutierrez-B3K-06,MS1054111-01/UC1322,2145,H10,207986500049,R04C01
MS1054111-01/UC1322-2146,UWMad2024Gutierrez-B3K-06,MS1054111-01/UC1322,2146,A11,207986500049,R06C01
MS1054111-01/UC1322-2147,UWMad2024Gutierrez-B3K-06,MS1054111-01/UC1322,2147,B11,207986500049,R08C01
MS1054111-01/UC1322-2148,UWMad2024Gutierrez-B3K-06,MS1054111-01/UC1322,2148,C11,207986500049,R10C01
MS1054111-01/UC1322-2149,UWMad2024Gutierrez-B3K-06,MS1054111-01/UC1322,2149,D11,207986500049,R12C01
MS1054111-01/UC1322-2150,UWMad2024Gutierrez-B3K-06,MS1054111-01/UC1322,2150,E11,207986500049,R01C02
MS1054111-01/UC1322-2151,UWMad2024Gutierrez-B3K-06,MS1054111-01/UC1322,2151,F11,207986500049,R03C02
MS1054111-01/UC1322-2152,UWMad2024Gutierrez-B3K-06,MS1054111-01/UC1322,2152,G11,207986500049,R05C02
UC1322/MS1054111-01-2171,UWMad2024Gutierrez-B3K-06,UC1322/MS1054111-01,2171,H11,207986500049,R07C02
UC1322/MS1054111-01-2172,UWMad2024Gutierrez-B3K-06,UC1322/MS1054111-01,2172,A12,207986500049,R09C02
UC1322/MS1054111-01-2173,UWMad2024Gutierrez-B3K-06,UC1322/MS1054111-01,2173,B12,207986500049,R11C02
UC1322/MS1054111-01-2174,UWMad2024Gutierrez-B3K-06,UC1322/MS1054111-01,2174,C12,207986500049,R02C02
UC1322/MS1054111-01-2175,UWMad2024Gutierrez-B3K-06,UC1322/MS1054111-01,2175,D12,207986500049,R04C02
UC1322/MS1054111-01-2176,UWMad2024Gutierrez-B3K-06,UC1322/MS1054111-01,2176,E12,207986500049,R06C02
UC1322/MS1054111-01-2177,UWMad2024Gutierrez-B3K-06,UC1322/MS1054111-01,2177,F12,207986500049,R08C02
UC1322/MS1054111-01-2178,UWMad2024Gutierrez-B3K-06,UC1322/MS1054111-01,2178,G12,207986500049,R10C02
UC1322/MS1054111-01-2179,UWMad2024Gutierrez-B3K-06,UC1322/MS1054111-01,2179,H12,207986500049,R12C02
