"","plot","NDVI1","NDVI2","NDVI3","NDVI4","NDVI5","NDVI6"
"1",7001,0.799612149698847,0.82919153667532,0.793525972892031,0.558878260049501,0.322471790080352,0.31168585941181
"2",7002,0.736571015364088,0.807640587832339,0.709593406696572,0.436126466561,0.242002519048938,0.328246160239803
"3",7003,0.801245796022653,0.848747790678731,0.745073441691593,0.630915108243192,0.288220539099259,0.283830255484465
"4",7004,0.870940185553403,0.86105938445753,0.79932969423348,0.654547085197467,0.278527478277698,0.23271776618901
"5",7005,0.883438932606516,0.826110481309867,0.799703422008284,0.572976485972517,0.271461285809807,0.287617540985123
"6",7006,0.842735250523813,0.790608956926042,0.808962082860784,0.486617927809234,0.222952289075757,0.314333896030328
"7",7007,0.827449431018462,0.778936260406657,0.806785282126202,0.506317118126944,0.221891693901488,0.339186458312369
"8",7008,0.811864261600601,0.815182547354493,0.810219823295191,0.508778597660367,0.22654697799966,0.321159027574167
"9",7009,0.802720708754632,0.837769192831137,0.813953370376983,0.503522669871226,0.280754796405225,0.344719563852147
"10",7010,0.807246641172639,0.845722606016765,0.778855967356521,0.591825267964608,0.239491808137349,0.344309566439858
"11",7011,0.813919820815807,0.865172436731622,0.806095585154592,0.611766290344033,0.266029432865764,0.310618600081931
"12",7012,0.855849504450548,NA,0.825849521781642,0.651528041351091,0.290380834286147,0.260230776098058
"13",7013,0.903331125804454,NA,0.827279267907623,0.606396780031418,0.300356086403071,0.270724335219568
"14",7014,0.86999107251265,0.830555689213649,0.87871118612773,0.650162263926716,0.366220996975519,0.276600121501683
"15",7015,0.819555300263024,0.797536562496989,0.828791883559722,0.492533878864669,0.289488243028975,0.296468645713323
"16",7016,0.853914355257519,0.772121970110084,0.862041870906903,0.647905920690731,0.434309075268214,0.29394437962357
"17",7017,0.817529778810741,0.808420143838832,0.805507068416428,0.483812506297839,0.329349668756008,0.313689473119865
"18",7018,0.834797723861005,0.786538634000843,0.818104641066794,0.633262813324578,0.365436617715693,0.282679075917222
"19",7019,0.793621422559909,0.794197752676277,0.754954220710953,0.413300820767247,0.252184172312183,0.254753696177448
"20",7020,0.810206575057533,0.80134817826494,0.784788977271696,0.501438531643241,0.213082813509372,0.243147829981868
"21",7021,0.825169324722325,0.833484736816237,0.76362347521975,0.587615198969946,0.194763621961049,0.265927764158282
"22",7022,0.885955212629866,0.822490431583604,0.807854900054915,0.498119563885826,0.190621861649385,0.265425426715978
"23",7023,0.893447724199253,0.815049580511833,0.854171325855006,0.549732810847024,0.245686273409269,0.272650927060006
"24",7024,0.899434118470762,0.821928184704743,0.872174277174193,0.673953057044584,0.394280862562308,0.259304173079394
"25",7025,0.886528920887436,0.834357088342796,0.883120653881392,0.722478090798455,0.425482689137442,0.290053457019364
"26",7026,0.870385038093963,0.844607384501819,0.876513298512686,0.641551647955422,0.305099661393095,0.29387121303732
"27",7027,0.83173138694575,0.829050704680147,0.80034510021634,0.57787060358737,0.303855390742165,0.285637470797735
"28",7028,0.873771497361094,0.845438234305919,0.861893834714165,0.703535773807393,0.375014886686338,0.234698092110273
"29",7029,0.875344784972679,0.870269874862757,0.835707436520876,0.749372133460345,0.332774159927455,0.293969572845961
"30",7030,0.89092140644003,NA,0.852720490407792,NA,0.421511806385888,NA
"31",7031,NA,NA,0.83901850964864,NA,NA,NA
"32",7032,NA,NA,NA,NA,NA,NA
"33",7033,NA,NA,NA,NA,NA,NA
"34",7034,NA,NA,0.855973770570593,NA,NA,NA
"35",7035,0.891415089233639,NA,0.863767749243363,NA,0.338215854635253,NA
"36",7036,0.852776173312878,0.842182026243723,0.812733435112216,0.587373929842746,0.271658440506965,0.279439690078789
"37",7037,0.837886804716004,0.826481393065197,0.831832786806022,0.651081773161653,0.277284491798241,0.302277534774291
"38",7038,0.834622606364199,0.801486661939237,0.79168590722543,0.553465808242563,0.287953256700153,0.316354698143879
"39",7039,0.825702136310039,0.780571188023608,0.813239453769311,0.609902623883998,0.232238694095828,0.334140861498842
"40",7040,0.839110700181124,0.831459782475184,0.808072942428772,0.562430674223374,0.299913872205103,0.33060655584375
"41",7041,0.857884065587959,0.77981379907982,0.843935589596096,0.633896139010983,0.285733844386572,0.343973053421264
"42",7042,0.831333375393368,0.798621511238348,0.842131765576658,0.569767866237104,0.246094657489222,0.320529125249266
"43",7043,0.862380235696339,0.838978794584802,0.806033562945014,0.543641937105494,0.197956898325525,0.283807773733749
"44",7044,0.856416519772737,0.82770875056313,0.807700045311146,0.658946113320872,0.328052096114471,0.273179594909132
"45",7045,0.801855410124585,0.760789823070189,0.758933721591402,0.531756724383145,0.275275458138518,0.237866291127735
"46",7046,0.695747373186091,0.766598950367436,0.716947984969706,0.482902521125729,0.231957337264295,0.290614393777738
"47",7047,0.8161122979154,0.782860151265478,0.828927346512835,0.639093239608286,0.355439772606179,0.256042577606493
"48",7048,0.807839320971659,0.81129631248215,0.843645621751597,0.572434867098295,0.344711765685869,0.25092704767056
"49",7049,0.855251627897505,0.763815550998338,0.842633282398681,0.522931167669044,0.270391870523966,0.23640071161418
"50",7050,0.82789553686965,0.767293961249817,0.819257000971993,0.543105544973921,0.316411579602453,0.219362777575802
"51",7051,0.836158668218872,0.776794865458417,0.768198307472663,0.438043227905014,0.276661442201156,0.269803587766769
"52",7052,0.848861926947014,NA,0.758152794358205,0.504388601277863,0.231696231118392,0.294661651389734
"53",7053,0.821610077089402,NA,0.778790281683575,0.653494280077698,0.304048081698647,0.295025918259857
"54",7054,0.810569338466707,0.839805350344903,0.730215338405142,0.540851354087285,0.303278288774578,0.312486449651584
"55",7055,0.777117676215362,0.825444661952225,0.760364859448164,0.646412666276399,0.372160972745771,0.303830708357362
"56",7056,0.786438713788394,0.834893475911954,0.820153981572533,0.558045263361012,0.2383309188847,0.334827626767939
"57",7057,0.813793502120045,0.825102193190838,0.823978633290197,0.510204353489136,0.233678534602435,0.341259402631094
"58",7058,0.820288742399602,0.801477044711493,0.849969454807714,0.664106166936504,0.438630690325653,0.28916975804484
"59",7059,0.864651703165733,0.837266814949618,0.868668094029632,0.620862305318735,0.276318911134379,0.314602535178407
"60",7060,0.880483960890674,0.858186722601694,0.783109195729524,0.682658185738464,0.343485898458899,0.293976900211839
"61",7061,0.827039360227586,0.862609608160523,0.70077001214578,0.515218960829412,0.291739860561493,0.311348883959688
"62",7062,0.731917372170936,0.820242071103095,0.668155582423103,0.397249281824249,0.290392340805411,0.330786454875817
"63",7063,0.769671743242484,0.805774384294659,0.71649440742198,0.427339521950399,0.27043107836368,0.295255732701658
"64",7064,0.788231109014328,0.830681158365383,0.804230592266325,0.486610656290463,0.263354097896543,0.265867505476513
"65",7065,0.761149070407637,0.787644114147694,0.74192583555093,0.427329956876365,0.339353182223141,0.346649996008764
"66",7066,0.729215294872429,0.775429821935545,0.672434807146053,0.411311143677631,0.302705446916855,0.354659336164885
"67",7067,0.770150478081928,0.813769498055967,0.69764498259993,0.603856915900578,0.292881082504876,0.305761640160902
"68",7068,0.84308170712931,0.85519789704264,0.724896094867276,0.571901788814074,0.259077338036519,0.299094739986229
"69",7069,0.827369264914674,0.810712172890157,0.712293052770769,0.538798192714146,0.296882615804331,0.328173812226307
"70",7070,0.820623483197039,0.819293495812452,0.810978519748262,0.562128062282448,0.303514290251547,0.309642340185421
"71",7071,0.736074290142645,0.754559760171186,0.778793351564894,0.494695927614442,0.266399720665358,0.341767458831628
"72",7072,0.711624045672959,0.739573315446892,0.692051264269378,0.425200894790934,0.285460336272763,0.396843578439912
"73",7073,0.726912618119757,0.792454951335177,0.736006503082802,0.526439070179394,0.244358333747872,0.386225666614477
"74",7074,0.710248865531205,0.804360415776586,0.718088849236634,0.538831670041489,0.25721737397519,0.360636480566898
"75",7075,0.775209770245675,0.824698041077335,0.692961255362795,0.549747659749942,0.328749109147786,0.303323334406377
"76",7076,0.799027721722448,NA,0.750996446737277,0.650787124871824,0.376972706981229,0.316283947477782
"77",7077,0.799450381684097,0.805745562066368,0.751237682699855,0.510182658892484,0.28262025698368,0.315163398343388
"78",7078,0.84586488857195,0.769269208407133,0.82725654570206,0.649015129913889,0.345254171866457,0.297332324442693
"79",7079,0.804464419970781,0.770643117594179,0.808740334869909,0.594920859527619,0.315453891853106,0.291009343737102
"80",7080,0.799618063122546,0.765529710417632,0.815809908521913,0.552797510011647,0.264945589923777,0.322913673858665
"81",7081,0.736883263086075,0.73366369646633,0.76497172574066,0.408494520065539,0.260279034172789,0.32046603090435
"82",7082,0.740465866676277,0.709067090694175,0.771189284881885,0.560702231099643,0.259162246288667,0.2796131321981
"83",7083,0.747199715567024,0.729577247809872,0.749769630170069,0.59294853740259,0.332487887228792,0.271826278108422
"84",7084,0.760049633052776,0.744851170680143,0.742585595432809,0.673607937705527,0.396099265621526,0.232870297466496
"85",7085,0.701222313970091,0.791234443244095,0.71347592413845,0.507987893801779,0.24144124568381,0.316307058440387
"86",7086,0.806387894471752,0.770009448627794,0.730449833252525,0.625435449931966,0.315656560531153,0.279383687291272
"87",7087,0.830421999359722,0.753978662861532,0.827071950211368,0.635377453481759,0.40402430465989,0.244311171226452
"88",7088,0.825955897198767,0.767427401368424,0.786389001532723,0.427766678145217,0.240139242387346,0.329817593464588
"89",7089,0.761980549585497,0.734173438438067,0.781759581500119,0.460849934304285,0.211174551740894,0.339228331052989
"90",7090,0.763432191429494,0.727817846618572,0.747539771986826,0.469242840154991,0.205543457363659,0.338656835146414
"91",7091,0.768977227452019,0.751742210902838,0.746739248016248,0.571195939178404,0.2743483410598,0.314328651504507
"92",7092,0.808647735678107,0.774088558277257,0.785663220925234,0.692414585628208,0.387493015722164,0.301444813515005
"93",7093,0.852924374458377,0.820738600176734,0.815110917322425,0.686341014669459,0.351852351291437,0.281224886153505
"94",7094,0.829479562571154,NA,0.770017506919592,NA,0.251030058819067,NA
"95",7095,NA,NA,0.754089586968553,NA,0.245344864313139,NA
"96",7096,NA,NA,NA,NA,NA,NA
"97",7097,NA,NA,0.811064267024638,NA,NA,NA
"98",7098,NA,NA,0.742812645925695,NA,0.263390508408714,NA
"99",7099,0.837132332550542,NA,0.770145589082181,NA,0.250566627252401,NA
"100",7100,0.836834773119836,0.847490326713965,0.816285644778594,0.655919888109024,0.282966377377651,0.293015844065287
"101",7101,0.78416837661915,0.786037185882279,0.750286367833189,0.530975229002552,0.276536021291331,0.309334828326514
"102",7102,0.759445085599213,0.790113414652078,0.763660305708443,0.548374262407662,0.279870845650788,0.321595543841842
"103",7103,0.829822665871833,0.801471398487164,0.819333824143711,0.514244022933737,0.237596492992958,0.307714566677035
"104",7104,0.859614609682097,0.808786963328388,0.842722257474271,0.562438305550996,0.220581999429458,0.331618546296543
"105",7105,0.887600157438716,0.821559037118072,0.846124821848104,0.577434675263363,0.248604622974797,0.291021928809567
"106",7106,0.87757445073233,0.814503477358662,0.789409099026491,0.461742376592514,0.281498169768152,0.301755903691795
"107",7107,0.847911616350642,0.826440641955317,0.783813261732855,0.733424913408182,0.425045280978944,0.251016839209826
"108",7108,0.802495428380697,0.830545714891716,0.790377613097474,0.631022995723786,0.327077532495319,0.235720702332282
"109",7109,0.811665507503269,0.794920501322515,0.743732806417358,0.620566160562656,0.334005277560157,0.218560579576725
"110",7110,0.773034918991814,0.780335080503582,0.737170937312561,0.478719164712615,0.246560107779148,0.274622487549957
"111",7111,0.816939721639369,0.758812989145348,0.802056996732649,0.603983708630521,0.326841531318367,0.280841740242757
"112",7112,0.792062535382929,0.761996331614473,0.817793887580904,0.467901521138849,0.258069402538742,0.313704712496916
"113",7113,0.808437090335904,0.761868103655782,0.815581471822608,0.532236204794737,0.233400457522646,0.305651655135374
"114",7114,0.808951691692526,0.75313846769902,0.813607572355244,0.446499088573726,0.245900419526524,0.335586241818644
"115",7115,0.791856655266272,0.744117320995665,0.734871611258071,0.390083830057549,0.24976354690845,0.310650931778514
"116",7116,0.786022862454508,NA,0.712191701350434,0.466435986387592,0.268641296310947,0.330882285786026
"117",7117,0.792047622948004,NA,0.791046246578866,0.508987143693602,0.269766947976329,0.32334659965152
"118",7118,0.774691011781622,0.869963096956487,0.759780926070399,0.66468690421918,0.409501498551098,0.311920824471837
"119",7119,0.74641673312518,0.820971531569951,0.73014588059316,0.516627029315545,0.254780705915514,0.3453510904976
"120",7120,0.732078626952626,0.782225042315546,0.733424088073934,0.553019289281185,0.293143756706482,0.332264415486204
"121",7121,0.780445505930653,0.801983497950152,0.787708179160187,0.542937690703962,0.221962127249808,0.339139409644221
"122",7122,0.786821420222835,0.786881812334958,0.80488084520221,0.65227460736664,0.449430983598017,0.286364045747447
"123",7123,0.75972898231861,0.758597782877603,0.732033606732777,0.443209771473123,0.245913579199659,0.36763341521064
"124",7124,0.789474006513304,0.765546086939314,0.657736747333107,0.350320441396713,0.262816481962026,0.323370263422304
"125",7125,0.771453609302351,0.831335421713597,0.654819978751403,0.408993958434391,0.25130284159657,0.313262436016961
"126",7126,0.713615496099159,0.799754440667193,0.646558291470789,0.386930972922715,0.268512944768268,0.361299438401382
"127",7127,0.699720639797655,0.786115130628751,0.707352498474658,0.42150436073256,0.226193660213377,0.339365536461455
"128",7128,0.738060140421442,0.795735648997497,0.760485045845331,0.379775043262754,0.298666609289305,0.353461664577444
"129",7129,0.768171087818679,0.78829060099469,0.765815328809515,0.565369742581888,0.286008733094598,0.358239983838962
"130",7130,0.764137852265473,0.806956980522097,0.716821691893365,0.591426394477188,0.319862708865081,0.321175501375985
"131",7131,0.772541532199966,0.821238095659471,0.707401864315202,0.475172630109556,0.253363623287772,0.287172272109073
"132",7132,0.747138743322214,0.810578651093262,0.682545930098034,0.457450109647823,0.223551083936997,0.304862153038069
"133",7133,0.799289368742732,0.814758751730747,0.736521320671539,0.521070916041231,0.245238253576286,0.305502417893782
"134",7134,0.778142805553427,0.784214057384467,0.788301344405604,0.60510273100792,0.284335821623045,0.347472982352305
"135",7135,0.789968826320556,0.80234340291117,0.822803695664009,0.540597734689004,0.260148031652792,0.29571774270504
"136",7136,0.749935250868203,0.766087579599419,0.763241418359514,0.536239357196808,0.231151622288851,0.305125246818173
"137",7137,0.78300418592169,0.804884851521086,0.762395400045205,0.527928766736943,0.32081375977544,0.247292189721713
"138",7138,0.777292206690223,0.819374261897814,0.727398231537273,0.53957054360654,0.245847419222064,0.288371529322959
"139",7139,0.728182427327885,0.842238896815286,0.739605550319878,0.517069000017274,0.22400851359891,0.344796785598279
"140",7140,0.752079634366666,NA,0.740795272397038,0.595228059725151,0.300372554404747,0.323056087804165
"141",7141,0.827767604556046,NA,0.794959715853984,0.635954207096083,0.341415497988047,0.275021248873259
"142",7142,0.824974836968982,0.820615810534332,0.819708359361126,0.661652571651983,0.438900564794396,0.266889545864546
"143",7143,0.815307267842039,0.800351551156792,0.770569274716093,0.419281926083995,0.322398974750189,0.331958858340918
"144",7144,0.770610041941383,0.773001499532592,0.744217044601444,0.382267851196097,0.255774029360449,0.32524585633565
"145",7145,0.710266799430014,0.716141104373671,0.737734472970969,0.427918144488255,0.251818041818416,0.281674712955168
"146",7146,0.722888234232165,0.730697765760263,0.686272578777888,0.37919446801711,0.265783812046926,0.315912722109153
"147",7147,0.669250543362875,0.754381510352681,0.678105435429453,0.349739890865899,0.20804004229517,0.290655824000824
"148",7148,0.692657389270663,0.783123152997663,0.656282084106261,0.336860357754922,0.211455462107373,0.293912349440601
"149",7149,0.6987012416744,0.754929560639111,0.610512147124471,0.370724153138053,0.209794595548963,0.293098929240423
"150",7150,0.7537029471471,0.796223502188557,0.638321687156054,0.408819635671557,0.178355919881952,0.289910474943749
"151",7151,0.817476220866742,0.800922599102618,0.756564128771018,0.556976789710722,0.200200602964592,0.320663408659658
"152",7152,0.837247816385201,0.811399793814274,0.817167514286108,0.537643307532889,0.231618566593935,0.313290872797469
"153",7153,0.798098284779323,0.784693964988759,0.797914076063855,0.609639499254005,0.326680253463132,0.298571844393602
"154",7154,0.825081429387702,0.778035133433194,0.786927102411482,0.569838547847525,0.297678720304059,0.268602197329847
"155",7155,0.761274114187955,0.795460966949439,0.753638999289322,0.529834387111579,0.255234808621111,0.340780575551183
"156",7156,0.780903822362433,0.817500036336323,0.739582638556148,0.54631008502615,0.274665407060488,0.319318487840096
"157",7157,0.839169325278094,0.83440474593433,0.79004523005077,0.657003457591635,0.359450209362872,0.300194374667712
"158",7158,0.796216623625502,0.862662489943327,0.758090266675424,0.641392781707305,0.270574926863533,0.331672720803337
"159",7159,NA,NA,0.781849068930658,NA,0.285811942774854,NA
"160",7160,NA,NA,0.752680231720487,NA,0.325270463693097,NA
"161",7161,NA,NA,0.819761433040602,NA,0.27356445107944,NA
"162",7162,0.817318479299358,NA,0.748059869097967,NA,0.251118710912713,NA
"163",7163,0.776255979252428,0.82426317489298,0.740075366064777,0.458481403243095,0.291019833983799,0.34079540983118
"164",7164,0.758029731724957,0.797176745598882,0.739603556135811,0.518086575188291,0.256281448196041,0.30648458994861
"165",7165,0.726981559192277,0.789717627337978,0.730003066699144,0.463978083995,0.250286199888896,0.334570631088096
"166",7166,0.722071226868457,0.747341067058464,0.751899387219109,0.530038511076791,0.296148654601592,0.30689271850786
"167",7167,0.777338544451216,0.760176170277474,0.776220788143243,0.561122070727139,0.260371023652084,0.333687019862966
"168",7168,0.818473446793644,0.781868107928775,0.792299245028813,0.505814636982242,0.280911651311458,0.285751159486209
"169",7169,0.877911763031729,0.811427277645254,0.843763467754724,0.646816374278613,0.379105666188172,0.291852519753365
"170",7170,0.833602347183883,0.819339074324435,0.754632836692456,0.543932042301545,0.201370229174168,0.289825191693526
"171",7171,0.792522349116987,0.843150036082457,0.746827916453653,0.537627449170604,0.214668560289958,0.286327451403602
"172",7172,0.718127666712235,0.784311684731648,0.700891185043633,0.472362949607584,0.234666964722893,0.305691737524618
"173",7173,0.758742139829261,0.775353369406142,0.712236793171975,0.498952852359819,0.244787308060036,0.234682684876504
"174",7174,0.788127794583397,0.757538685825784,0.754839453800279,0.450259014349223,0.225664195060815,0.25299410950601
"175",7175,0.73946152820105,0.686195598884006,0.731627487257539,0.568603358076117,0.308052441090279,0.255050460974204
"176",7176,0.721120413930911,0.718611930894377,0.744162012628309,0.38994983497762,0.249715638389485,0.283414736789042
"177",7177,0.792460732893041,0.791700063501084,0.782231646688627,0.413570695203201,0.294164493461822,0.326436280054135
"178",7178,0.836419684226286,0.813003369093547,0.833104113973251,0.452652324687802,0.229435737890828,0.281993440911947
"179",7179,0.838857214972869,0.807473475338665,0.786334877967742,0.545468284334744,0.26301325169007,0.275557588692847
"180",7180,0.841485460686463,0.837232565084643,0.77652743017877,0.59439590415903,0.229724505325627,0.296293854995316
"181",7181,0.813049434628768,NA,0.794427596178364,0.676679684762874,0.338325112882027,0.317446951713286
"182",7182,0.770778207121819,0.864938392910916,0.772716404850068,0.575797320643036,0.288298030570077,0.3362771852391
"183",7183,0.722066641034137,0.81439586944302,0.706870317044796,0.46973014823427,0.271131682557582,0.356097893788317
"184",7184,0.700017816685788,0.768104486990703,0.735257183935855,0.418344020357844,0.241647641134904,0.340615387265229
"185",7185,0.820716936546248,0.858025387673069,0.831134230351606,0.585517884868265,0.306347113369777,0.283685638604641
"186",7186,0.808802653571894,0.811252717208688,0.818384034079965,0.55485705573908,0.229864125126797,0.331693242580929
"187",7187,0.833174510255255,0.831197209493418,0.806780524197396,0.449136530755298,0.207267710001937,0.310150466583303
"188",7188,0.81578882876606,0.819393752145302,0.689576802412839,0.443774331294215,0.212814275021415,0.295152371570037
"189",7189,0.778188135316448,0.855678594122575,0.749617806003624,0.562510999911705,0.21446001780599,0.288191368688417
"190",7190,0.653512476994413,0.774203515501615,0.693328555970722,0.423741446601568,0.219313248494573,0.349162091636897
"191",7191,0.661189260080358,0.732459581912119,0.636468100160246,0.420577412085267,0.267049541065613,0.355031386015158
"192",7192,0.64416270519392,0.67850610565844,0.681677482371679,0.406547494117025,0.284954967964071,0.380385537587911
"193",7193,0.777819077649482,0.769928523982839,0.763552205791069,0.546078603070845,0.272593529448939,0.34225506510124
"194",7194,0.68068468951298,0.76203972049415,0.701376844799793,0.457329864905286,0.296434275249992,0.345961559239796
"195",7195,0.660894563804564,0.748127126833008,0.669135707017313,0.44802509874176,0.201288162820789,0.32185292261026
"196",7196,0.661488006886529,0.765973522535192,0.619429698749091,0.504298654157709,0.230226614879097,0.312340896428286
"197",7197,0.786819747247313,0.786855388972295,0.672769913028982,0.614425166323139,0.240002161188193,0.290196183433539
"198",7198,0.767911988887508,0.770369872089186,0.706377602731622,0.498072501112003,0.250521045585335,0.294413707954379
"199",7199,0.815805849865549,0.837797901776304,0.837102989465568,0.654679835154725,0.318747907877735,0.308155634097081
"200",7200,0.747775392549518,0.770209965084437,0.777375231566551,0.500192474203717,0.254594490614842,0.33400056572971
"201",7201,0.683909651043573,0.753176178470172,0.69542334411756,0.462717449428801,0.281930924710158,0.343660059937946
"202",7202,0.66453425770029,0.78478719077611,0.684007709617997,0.541048189022693,0.299438849365971,0.324307151156198
"203",7203,0.746163868934829,0.875424247760104,0.771845312882794,0.621570907130358,0.289116977611796,0.297890953593719
"204",7204,0.675629035338426,0.83357350355449,0.686204394892888,0.422956571100917,0.257276436494609,0.299420137303844
"205",7205,0.734654300436086,0.820030875785554,0.695017871693746,0.440045505198332,0.269457431263319,0.300029661413204
"206",7206,0.732016037129543,0.721898557330746,0.673449283465495,0.570251397386261,0.349144511198929,0.286767778822235
"207",7207,0.788596494463125,0.74943914797088,0.789364168942501,0.59660284049735,0.362773076222379,0.272992309514896
"208",7208,0.729606557090907,0.717868336098409,0.746791931723389,0.463606736668284,0.300110287565607,0.299424195705463
"209",7209,0.708769899513955,0.671641912804861,0.763473033479062,0.564674488547649,0.407287276114683,0.259488418305728
"210",7210,0.639573550818421,0.661963640934958,0.692880061230896,0.417639026798505,0.243768310925513,0.273225213212106
"211",7211,0.687765376756146,0.699178174629428,0.707914599721543,0.399510965576284,0.248170886211684,0.297275179936019
"212",7212,0.681208127042612,0.739990513832941,0.695180516962188,0.473651097869306,0.21626774319615,0.256015578698163
"213",7213,0.691848503870183,0.751804914407577,0.70131768771618,0.511589965646731,0.190114005291223,0.289678775077778
"214",7214,0.744221370054082,0.793568620909906,0.68858990853426,0.598300907309174,0.256074315791389,0.282254704683608
"215",7215,0.841826016712976,0.785987278880802,0.777831225950626,0.660384091639598,0.334029763298067,0.275323407658544
"216",7216,0.792900774132629,0.779828861711867,0.801152306579005,0.604186683879305,0.344465086201806,0.269055422889108
"217",7217,0.791170991704747,0.737736985854473,0.757178998757159,0.47586322790115,0.277928103323273,0.293218033702639
"218",7218,0.784934101627431,0.76179584668223,0.793906319550328,0.548835226842796,0.317940870524976,0.302264380004501
"219",7219,0.757541827233674,0.787102618550756,0.785736975990696,0.554331253716981,0.26445461989738,0.318986487537763
"220",7220,0.75242042190935,0.784835281257945,0.712119940351448,0.419611439045398,0.253382649272785,0.342537303452283
"221",7221,0.765192396463842,0.815296269890158,0.735613835670374,0.457387003220316,0.253409076806499,0.353041861594651
"222",7222,0.762727430199068,0.812077394306967,0.724756220696633,0.427913075234082,0.301408703709639,0.342241168052242
"223",7223,0.837439082496445,NA,0.792215474323566,NA,0.336051762615234,NA
"224",7224,NA,NA,0.761450753181495,NA,0.310148056699511,NA
"225",7225,NA,NA,0.803468272931576,NA,0.359000900292399,NA
"226",7226,0.838243618179101,NA,0.783500625043844,NA,0.397058408399364,NA
"227",7227,0.782917452396319,0.847688662177184,0.753593151450711,0.647972161725837,0.328959132180758,0.279528692686415
"228",7228,0.762098126832775,0.812063114055486,0.690945287780858,0.532051814569255,0.256589525152522,0.322947587281105
"229",7229,0.801217399098616,0.82617881676993,0.78753287050267,0.644113875944816,0.314354116341873,0.318517213340483
"230",7230,0.799043357006359,0.806663412748313,0.80672598571591,0.63625102914647,0.335274515802574,0.3111362468988
"231",7231,0.779006519182011,0.764076348249288,0.768816176261979,0.405091560383163,0.211098537571588,0.309533439121879
"232",7232,0.805715256470553,0.770451142469416,0.763026584611942,0.411969414940576,0.222371873328093,0.301827750150289
"233",7233,0.808267129927366,0.80513931683228,0.769406556193953,0.388320603981706,0.236142931465085,0.299029462517679
"234",7234,0.880306141348376,0.860147426311512,0.820905463138147,0.672793232007171,0.342323808387144,0.252783060103446
"235",7235,0.763861000784681,0.839593887382861,0.710168642319175,0.503611599511324,0.24293934913651,0.263833790179177
"236",7236,0.729320298167187,0.785506360079163,0.708517911881159,0.530450103776036,0.199452051783603,0.249556135432383
"237",7237,0.656743315460131,0.751920411099042,0.66761469021129,0.488952240481773,0.244311441272155,0.245776284925719
"238",7238,0.764843500781539,0.80446505051618,0.795537570150093,0.565461817973088,0.325250544911303,0.229737192912533
"239",7239,0.767871486009161,0.739684129969225,0.763709392815198,0.533304514031042,0.260338477700265,0.249738767968164
"240",7240,0.735997435652703,0.738315982587754,0.746987201083316,0.493256061733843,0.281607541823883,0.28198461591797
"241",7241,0.774083814576261,0.780145196793746,0.769401301027387,0.468720606393191,0.237411280484768,0.309065296258843
"242",7242,0.833809862573664,0.817384314784866,0.800021500917833,0.449951733489029,0.252500029653932,0.273281960406249
"243",7243,0.824672082050855,0.814277371915863,0.732922243674524,0.429295699416706,0.23233451745373,0.273422667950541
"244",7244,0.741229731101117,0.811975559738019,0.716398142021077,0.573346370311429,0.282674296561093,0.278101990519518
"245",7245,0.705077812944981,0.825039492568173,0.690372809177356,0.534796846129848,0.232116210900708,0.30070670490786
"246",7246,0.741244455164677,0.854482594907962,0.766303917683291,0.513576503471834,0.235775766089023,0.303868485167912
"247",7247,0.723925452549791,0.819606298058651,0.742638039075697,0.438995956565234,0.245170037350972,0.339154356433084
"248",7248,0.722162854905963,0.782408016254727,0.727541008853961,0.396605119033759,0.24180273625675,0.343502443886568
"249",7249,0.796218425032828,0.795628598792008,0.773975591894697,0.431581511331536,0.217657501586094,0.321933409100779
"250",7250,0.820105897069255,0.831197468854237,0.789123588655273,0.392901775358827,0.282954734086714,0.316287484799371
"251",7251,0.854684289618685,0.850003712879231,0.831138542282713,0.604025672283005,0.34223263542146,0.272785731893422
"252",7252,0.83729906893768,0.840552845797176,0.70912152579105,0.466550749570857,0.224170345203207,0.286229296472368
"253",7253,0.725917067010145,0.816943688685872,0.652916793861927,0.576076519695066,0.320350283211103,0.251454875860408
"254",7254,0.614248865654634,0.744981667112136,0.626330759813463,0.399795059017518,0.221568963909748,0.339783099485931
"255",7255,0.649003907608639,0.711537059665572,0.651452339693175,0.448135402218952,0.27436181122427,0.330655036245966
"256",7256,0.607811887787367,0.592788938600241,0.585852673786203,0.41546310107388,0.297056691848372,0.393703892166757
"257",7257,0.638896437261615,0.654287125409156,0.652403658937251,0.399475911051994,0.269938223433475,0.390578843838715
"258",7258,0.740932531348378,0.748951343604094,0.689727972843335,0.543887459910345,0.288353722546685,0.334248022856976
"259",7259,0.708146494705704,0.796032174715232,0.675331361420139,0.391697816773115,0.242015835555416,0.335976106530294
"260",7260,0.642753411557824,0.74911767502747,0.561373519607983,0.364318599915695,0.25545475865711,0.361056295737431
"261",7261,0.748758560332019,0.765523530094097,0.618407526112057,0.508139184911528,0.25768231127326,0.308892056511892
"262",7262,0.784501558377447,0.785241493042422,0.739596025290506,0.466586726914769,0.242811536338807,0.307150224177995
"263",7263,0.759728829031779,0.757735251583053,0.774392582593261,0.429296939580724,0.243436966264432,0.351238908371275
"264",7264,0.769124509284111,0.776510141713497,0.769122468255892,0.490319380215573,0.310602557772052,0.336629288969054
"265",7265,0.752201009504801,0.759007199632047,0.711337441399157,0.531486326805779,0.345961000254536,0.30158894429637
"266",7266,0.687454196061714,0.742798903474059,0.65351509583406,0.460946245158836,0.258720963679744,0.336325859592645
"267",7267,0.729038665346885,0.82343570309116,0.718928598516642,0.522209351519142,0.259158784879414,0.327449070489714
"268",7268,0.661928298192477,0.783428906015306,0.641910532200124,0.428326822336859,0.270211910442319,0.343181091542243
"269",7269,0.712366323798221,0.796619169387518,0.70260161722437,0.524310919378749,0.262069724621972,0.294908788108055
"270",7270,0.785972640513296,0.772776567455558,0.727402889598783,0.433630155167286,0.251924473870385,0.302905113827128
"271",7271,0.847930968824048,0.806926595211334,0.811913164189817,0.451209825686747,0.243030677255752,0.289399145711285
"272",7272,0.8480973697262,0.784913243955626,0.809224168738972,0.533890931103569,0.224176929467676,0.297811278593398
"273",7273,0.787329427306029,0.771026849982468,0.79238809811085,0.552050331251473,0.320869738508348,0.281010163313333
"274",7274,0.739279949366169,0.742171159242447,0.747743506476292,0.545228436385295,0.272959122707991,0.310080418580952
"275",7275,0.802963810675012,0.7981840917095,0.800898875119115,0.641940028718567,0.332214253092074,0.284290310749137
"276",7276,0.764301074813812,0.819811077515175,0.73732262973056,0.512453576860679,0.218182435856022,0.302830151124809
"277",7277,0.803203761261396,0.838258371365891,0.753343640601342,0.459257758048325,0.221842132806696,0.303936332198244
"278",7278,0.803310605207117,0.860857361067162,0.76397049039985,0.620735942296041,0.200685680948361,0.285198221128634
"279",7279,0.870860807679831,0.850034700927054,0.826055498455437,0.583952256461306,0.245147101905409,0.25624401402615
"280",7280,0.827310836298431,0.792582313903775,0.824979676595652,0.591078567552765,0.197662895981358,0.325520597630956
"281",7281,0.796805782856137,0.768636416477826,0.789012167718032,0.553966632153506,0.259279374550172,0.32291467337472
"282",7282,0.825258539628929,0.784333843020767,0.829084326413731,0.626858526730478,0.357205632771046,0.279761902460346
"283",7283,0.838198075255265,0.836335528157697,0.811666200840983,0.599143965690638,0.310178229231957,0.261401271267052
"284",7284,0.792916514330763,0.814641509033053,0.746740997477632,0.57866190945484,0.257550823863729,0.309962526021152
"285",7285,0.759315085573741,0.806808343831592,0.716651133430122,0.478343798102058,0.269211365096346,0.343109922556004
"286",7286,0.775041832434478,0.828334628049903,0.721989296388708,0.554620152442164,0.276701879686028,0.306811945400036
"287",7287,0.814196039477341,NA,0.781760837601395,NA,0.243911553271555,NA
"288",7288,NA,NA,0.73907167819953,NA,0.236001890708445,NA
"289",7289,NA,NA,0.747748419032474,NA,0.311546154187724,NA
"290",7290,0.821024683065797,NA,0.76514829247991,NA,0.299719877334829,NA
"291",7291,0.845467773082876,0.898840458321069,0.798113000203032,0.656218714713355,0.332638055903847,0.24068331205647
"292",7292,0.773901886665126,0.864031922936962,0.746962915770835,0.478993578282292,0.261566713848321,0.3093021165612
"293",7293,0.807702414219764,0.86351250924634,0.781316866799332,0.492721994505592,0.244566476781694,0.312301915957158
"294",7294,0.816865964928221,0.86614128024065,0.811355260939915,0.574000852585888,0.262593649265934,0.325766080797193
"295",7295,0.754293985815471,0.789320251062324,0.763989762232638,0.558080738990117,0.270455569665283,0.347330160636775
"296",7296,0.80204492211758,0.785534210059789,0.782916265076852,0.443471324271957,0.244351142491992,0.333449998699545
"297",7297,0.859631844988524,0.839280803833566,0.83122750087684,0.541051188521511,0.232992330550377,0.278529485659009
"298",7298,0.865229874045022,0.860771491389512,0.754619840983869,0.487170845427907,0.197525465860722,0.274141160840693
"299",7299,0.829587142084623,0.909320545052343,0.766857327487276,0.529883993656073,0.201088803092882,0.235708532888409
"300",7300,0.838695586373279,0.895436673237261,0.789670688011851,0.590297657583297,0.20452403470464,0.232652733662275
"301",7301,0.839704009257705,0.869033542128186,0.796608335145977,0.635781497205096,0.281351213208554,0.247552654467625
"302",7302,0.833932110409368,0.859579644440482,0.80265439692017,0.475643235019295,0.226576284933852,0.238748100056986
"303",7303,0.837916242626608,0.82101534862521,0.800777558861353,0.610442887309484,0.306318717380549,0.276537897880263
"304",7304,0.812307877692726,0.819454581129554,0.81031480352601,0.561258288435714,0.249113959591552,0.305710718352431
"305",7305,0.827144347612155,0.782830741394359,0.819389801577113,0.576958611256432,0.288026697402959,0.217180159154996
"306",7306,0.819944482506023,0.795541379907043,0.825022223388345,0.593225421869165,0.309760881185344,0.249663126561353
"307",7307,0.796493785729613,0.790714839447545,0.695576023148318,0.555920048315808,0.327329715740595,0.303465215315823
"308",7308,0.729509657293982,0.799740820235787,0.685891135314077,0.594101672681184,0.323674459807706,0.288922865156301
"309",7309,0.709987998508337,0.799932185011864,0.659116483726402,0.575760359439908,0.274956755309897,0.2935758740333
"310",7310,0.802261674917367,0.828519977144464,0.715466700221456,0.51083034300168,0.263005664429578,0.28840697926064
"311",7311,0.75838284133296,0.813221689666811,0.715940594900568,0.428233647023334,0.267716060829338,0.345290178470975
"312",7312,0.771013073977444,0.754643168507771,0.661411489100978,0.422197822314076,0.25082357124851,0.305095867320794
"313",7313,0.726243967453966,0.701552103344504,0.668010159877749,0.377874382491631,0.263585794213574,0.35033792010649
"314",7314,0.805082864766843,0.76397794868835,0.794698806121158,0.5517633420814,0.253109159603426,0.31598909619262
"315",7315,0.798562268167982,0.762133236457604,0.743682053145246,0.593388136904292,0.317591333352447,0.281557285267256
"316",7316,0.717078447818781,0.74701181462327,0.649832833977412,0.483420929945913,0.225624186489811,0.312673034272888
"317",7317,0.699851334686072,0.787910980923295,0.652171523016646,0.528473263714375,0.250895394507211,0.316255303803476
"318",7318,0.688274012137489,0.775659456517248,0.665862945301378,0.390732271196135,0.246303953081331,0.359877391093697
"319",7319,0.697412913684354,0.759019074799694,0.70208561408212,0.484622651328483,0.261085519328935,0.328200850925335
"320",7320,0.686580741951661,0.71299346487408,0.687871526303978,0.421650014005924,0.281588519223938,0.365781371449348
"321",7321,0.713452453383965,0.750212690239928,0.753328655457468,0.471754279178041,0.289391049880424,0.357749820001247
"322",7322,0.716401856933827,0.771932338538585,0.727735022525235,0.507957024117318,0.284731130685943,0.354898766804707
"323",7323,0.757420749200377,0.806497730660266,0.737906931970217,0.50755876479524,0.224604162253736,0.363459081058502
"324",7324,0.711049209082786,0.791539471447838,0.675256865920598,0.508826563746857,0.258341704643486,0.3083055868815
"325",7325,0.78338694426365,0.784856433222376,0.639642474434278,0.517628631233744,0.231544715047799,0.326564564627441
"326",7326,0.820031596181126,0.804067456763522,0.755192861021774,0.584311310385799,0.269494192503976,0.338350831025211
"327",7327,0.776087317263937,0.766747756156088,0.779577157861697,0.402532584548586,0.23199885678176,0.33335926419162
"328",7328,0.726940093981554,0.719159059411916,0.720026169918271,0.467693128510218,0.276250276346324,0.336222067645472
"329",7329,0.696671058301933,0.708670637241755,0.676251797835719,0.421076194123364,0.267224299730101,0.321787400491401
"330",7330,0.708270427332402,0.779218474348733,0.702191414849663,0.393692013633069,0.259064905829819,0.365066029256272
"331",7331,0.728494910983762,0.790911575099038,0.709844098759165,0.453731241927389,0.2623554754625,0.331403536664899
"332",7332,0.69962801270709,0.768879851239375,0.659306417153541,0.500266205180174,0.328155642708273,0.305038657896304
"333",7333,0.730983593829663,0.79088552779567,0.669679146589317,0.406226908145241,0.295955514213156,0.329478267610729
"334",7334,0.79455367514087,0.776344466054334,0.697909314796541,0.517127973528116,0.297215866025748,0.306376420997298
"335",7335,0.837561859677496,0.833726204106914,0.811639872917807,0.488795346001699,0.227402779280385,0.284049615328084
"336",7336,0.747238817515551,0.701841908086057,0.704659270642857,0.388333066343107,0.261250844110168,0.332689660258298
"337",7337,0.758529391970461,0.73761907378164,0.743921752051634,0.428771679916337,0.223113681006298,0.306737688340763
"338",7338,0.780964878415614,0.752230650381963,0.756594693308969,0.45857783920991,0.222762122111333,0.29076310760971
"339",7339,0.753516618122031,0.806841169752332,0.750411508724404,0.448495491076023,0.231869462622895,0.301531319223272
"340",7340,0.746157697803714,0.786246986765319,0.7056217948974,0.595798601943367,0.376651079673887,0.274363331767231
"341",7341,0.813297880295651,0.856181262405725,0.753977387873452,0.643690204301911,0.307553312895401,0.288855710102842
"342",7342,0.804940657291725,NA,0.75680924058389,0.623810073484276,0.224502175919219,0.273599955061703
"343",7343,0.860987723253827,0.870942091988484,0.784701866205929,0.655799040597617,0.259592923114114,0.307127307065199
"344",7344,0.878637258947094,0.858248499251459,0.844717965442662,0.625385182456763,0.334139254771314,0.278649291274236
"345",7345,0.813182290020708,0.812622561446619,0.840785743753169,0.641551550856479,0.414487786920984,0.295140216348009
"346",7346,0.80187821748137,0.75989797355634,0.771756705502474,0.451213041812208,0.24622461686861,0.353055073490073
"347",7347,0.771132751969387,0.785141792212655,0.762876587507613,0.547190720893144,0.294567450087347,0.347982049407713
"348",7348,0.772919619166848,0.802985814665785,0.761720228990126,0.619829130622467,0.311022628864984,0.331577179191896
"349",7349,0.791575562546221,0.8511138128289,0.784955996788485,0.554116247296041,0.280885023845017,0.323174357033007
"350",7350,0.830130217627253,0.877047905818301,0.758157641832822,0.539672193100345,0.274567994282084,0.273007039570146
"351",7351,0.773792093189372,0.783945360258592,0.729622716672587,0.568015507578177,0.302263267788271,0.271184343159895
"352",7352,0.794955600248224,0.73696054435644,0.751236097982787,0.579517737727197,0.371157177233644,0.295972315457301
"353",7353,0.815625754236305,0.774497152198061,0.793352454973037,0.507032522886578,0.241845426516142,0.287884927661745
"354",7354,0.852953507949542,0.825583296789062,0.810330695521693,0.558879904793716,0.282248843891336,0.282357283480949
"355",7355,0.85016897923044,0.853003168295949,0.804356303565082,0.519107621377939,0.275510149771037,0.280038482978256
"356",7356,0.796891865989002,0.853550787782221,0.800275532950158,0.6647214345261,0.411631256606552,0.293052197746329
"357",7357,0.78592240089705,0.802294500612459,0.759987201139426,0.628786601611159,0.313193672704499,0.326307623017912
"358",7358,0.791044282662678,0.799975214456427,0.781560404512619,0.563169694944992,0.297179772313632,0.332877535150776
"359",7359,0.79561623874912,0.749613183038759,0.750626600176289,0.439099416665012,0.256186743848546,0.331588319969588
"360",7360,0.8235462948278,0.771763734171285,0.773714870545465,0.440264975557488,0.274784759453329,0.284320520230459
"361",7361,0.859296891235215,0.830036344437658,0.782192556149269,0.354981741242705,0.260476340500571,0.299092261353634
"362",7362,0.882457917661691,0.840799202194784,0.749606313366182,0.552721783082252,0.239447251378662,0.267593460756919
"363",7363,0.781868548682525,0.85077463964794,0.748254099027233,0.614556789690228,0.258167116740096,0.280663316278286
"364",7364,0.760994718170584,0.818259878341979,0.739605709758864,0.610845031409856,0.30259639380361,0.257716962716933
"365",7365,0.77638754829295,0.796791751782359,0.737192167506652,0.44910238503186,0.229197897136643,0.3020658339092
"366",7366,0.794985439946243,0.788934192048664,0.771096677665006,0.547399677989334,0.2517103076346,0.294608112296322
"367",7367,0.819709150350731,0.763252796222313,0.786243438423769,0.641943104701614,0.398207728730649,0.292821600093006
"368",7368,0.752846518379367,0.749691293212904,0.755996976669133,0.452578749842566,0.263999989145939,0.336085360563485
"369",7369,0.821183485324175,0.805390188752537,0.835254914477643,0.594800941488461,0.358804694891165,0.286942144374763
"370",7370,0.768766451023415,0.767015494999235,0.823475957316972,0.63647974211154,0.389669855992976,0.305933019034273
"371",7371,0.803714665529893,0.828848475510223,0.756175997540036,0.496650091294432,0.279469156822661,0.308701767742051
"372",7372,0.715083565249789,0.817500444692416,0.711174095723035,0.474729509850681,0.250200680475684,0.362114093009597
"373",7373,0.697165950333059,0.813101725272547,0.707892357729493,0.473170677727825,0.282518685752145,0.351517987012719
"374",7374,0.778812460447037,0.841252571734235,0.764745340843401,0.454359013518476,0.284598452195387,0.329740275542424
"375",7375,0.750867761379639,0.827892377263416,0.748146910856935,0.437069050215488,0.273667971310814,0.337750135817867
"376",7376,0.760780332509472,0.797278510962898,0.737476259720394,0.439047517761939,0.27355525829008,0.366175434913468
"377",7377,0.78876924766622,0.801205314291671,0.807839660511455,0.583288487773706,0.341146695439423,0.325606584135949
"378",7378,0.754197160061378,0.7390649390443,0.775013174457842,0.491982617941453,0.260070795118119,0.332693343812322
"379",7379,0.850583194493848,0.821188640593083,0.75979028735933,0.562199980805054,0.337939151287466,0.301836259841458
"380",7380,0.735247765506931,0.794573010414445,0.660231715070496,0.399016720245272,0.265907205958676,0.358538470049033
"381",7381,0.750069527351411,0.830796813168931,0.686469292586922,0.420936218222068,0.228897951048173,0.319229138337999
"382",7382,0.76582880195881,0.816614544488121,0.717666010601882,0.496862355020488,0.286525257248484,0.308417582680026
"383",7383,0.698175582991382,0.756904419125203,0.711405564899054,0.546383787697993,0.314764265589059,0.315494239731718
"384",7384,0.685074474665297,0.680542876236881,0.649590568988085,0.385564729311973,0.293497694748588,0.377834113020002
"385",7385,0.771685167200259,0.782367396127921,0.775765613147246,0.404180882019444,0.259298140575864,0.336590351568055
"386",7386,0.792938495347374,0.822827473885864,0.766497254967696,0.459943045547925,0.297804588556002,0.269279797924979
"387",7387,0.744617518181602,0.804132010370269,0.726226202709851,0.404581982297017,0.278392553224728,0.335582685537233
"388",7388,0.729096814387099,0.792076767218297,0.661753298479179,0.50529003299191,0.346383437435787,0.288193227793387
"389",7389,0.748537341008464,0.811258516804161,0.711935957016049,0.663511336982658,0.39639673372025,0.326245809702678
"390",7390,0.869042170584519,0.843841559542317,0.75857272998881,0.57755046870187,0.254511556307573,0.275115465149655
"391",7391,0.866111775941883,0.857937244115852,0.860186783993731,0.618507300674859,0.352564870314722,0.279422347994706
"392",7392,0.827597273380253,0.813784017461817,0.829592118248906,0.643468067832305,0.344764133930237,0.337112782338179
"393",7393,0.83099356862407,0.849501223083032,0.838194265128504,0.620974557072871,0.37255107559413,0.304163172379248
"394",7394,0.85996369456091,0.878981967604185,0.838823541254423,0.579218165521731,0.276888742471037,0.330041787885132
"395",7395,0.806255518225239,0.875251676062611,0.824243142848888,0.599529895174148,0.28461212283221,0.381082801104879
"396",7396,0.856498096752448,0.894249829137015,0.805317852262081,0.708588685222009,0.414132438722847,0.291989587094377
"397",7397,0.843774789472039,0.880173467540913,0.796532297701528,0.624694039549557,0.280020749303191,0.334613510537662
"398",7398,0.897189251886943,0.884952015842612,0.836322340211826,0.603960442650522,0.258614904438858,0.289610038514908
"399",7399,0.891228004554065,0.860148248698458,0.866367683249449,0.616282074091126,0.255748589165694,0.29819492984632
"400",7400,0.852197122827375,0.823826928906513,0.822699905748826,0.479467300436769,0.285539958493879,0.311476029380316
"401",7401,0.843428019752669,0.814158098809757,0.826019009019113,0.467753508342073,0.28449821085217,0.292041190326642
"402",7402,0.864028070401681,0.847257512619629,0.857161931828711,0.708890917595539,0.44737567565363,0.236801593907157
"403",7403,0.861911539447096,0.866056544884759,0.854011160761388,0.62694635605079,0.341674889770681,0.245259997027402
"404",7404,0.823056720067195,0.85567233383698,0.810396405502598,0.623290169165092,0.275100528856959,0.256237953426796
"405",7405,0.790852552702979,0.833290853673514,0.732378835213655,0.559424761020639,0.273149676752519,0.24288880785637
"406",7406,0.813840524489126,0.843088974483032,0.761242830899297,0.606562485129209,0.277508378407605,0.233000443037659
"407",7407,0.813499111640721,0.825799921113043,0.757634422363212,0.606817126245775,0.354249048400331,0.266382423954512
"408",7408,0.833031416124231,0.814215645571705,0.809473336372979,0.565195294606538,0.293535910531868,0.313437005201644
"409",7409,0.810579063443068,0.80611136179332,0.809236645674412,0.51646947287062,0.263650260426169,0.327079440548718
"410",7410,0.826819296243939,0.81300554387328,0.806153315313303,0.608517738451393,0.267232280403239,0.353338026965207
"411",7411,0.822022573118249,0.843959665703737,0.822013496559848,0.642868930280169,0.317971978626187,0.342000755135917
"412",7412,0.747420808233294,0.797349622278693,0.748867896192209,0.624807659906783,0.365833222759663,0.337360217505582
"413",7413,0.728145696559023,0.802877974721816,0.746448651599647,0.508491075590674,0.273432654773291,0.353566134576778
"414",7414,0.779268709441078,0.811062876241931,0.743927589585824,0.56583153482554,0.247036716855752,0.319250309044617
"415",7415,0.808146531271911,0.781998014782968,0.716399884076455,0.521932031093204,0.289499951568404,0.300598779552369
"416",7416,0.734713916484457,0.724794838948841,0.749842874664908,0.447755091642417,0.282713335659342,0.340844779605256
"417",7417,0.770343218197037,0.727727182080614,0.756629421294307,0.525634184816739,0.262521653591663,0.345714206964776
"418",7418,0.832459275649317,0.837262009554463,0.799931841527338,0.628777005420648,0.28875086666756,0.330791195249191
"419",7419,0.794405473612592,0.859479140881003,0.787101801723609,0.682941041281259,0.361451567443288,0.28881346500187
"420",7420,0.774852883263162,0.849575167717548,0.778640036865751,0.624860376767239,0.299517863308541,0.358124628447457
"421",7421,0.73873457880164,0.789065714002695,0.736149805818646,0.577308163691578,0.306297871344587,0.347923264656347
"422",7422,0.781564759473154,0.792158899252784,0.764747943248817,0.532327857920016,0.261283172231346,0.344233470555957
"423",7423,0.759283196810901,0.761522423169236,0.78210534055409,0.615536173256728,0.301641660266266,0.330182414748666
"424",7424,0.805729898470452,0.787713352685693,0.83237547923555,0.631548449561439,0.308107231146465,0.314173106716825
"425",7425,0.77040542263484,0.753718631616528,0.727861284959398,0.42807113225315,0.25389349620797,0.321708224845389
"426",7426,0.797259849222144,0.831483461314252,0.750890918988523,0.482205374279406,0.254540738617988,0.321538917749122
"427",7427,0.810678738177051,0.876789102016246,0.778091157901632,0.522302864866116,0.182988653945344,0.242322693716284
"428",7428,0.808299128006381,0.847540995695079,0.766151674714708,0.591053136080726,0.264638060492166,0.252117531978128
"429",7429,0.798857729913905,0.838651490305867,0.787880033651645,0.596270387236515,0.277446805478601,0.264439385385869
"430",7430,0.797905906556909,0.810159004293187,0.807290130811791,0.548714268794651,0.2666738350596,0.280889128381422
"431",7431,0.832415486657395,0.827126158426944,0.844593980509969,0.548342562874423,0.291275349141443,0.30853527362149
"432",7432,0.847339488360969,0.817554505987116,0.86247057427554,0.657329322938269,0.372464827842916,0.275342020532783
"433",7433,0.881069132155062,0.848584009699537,0.876915445683023,0.528306168396892,0.242104625177055,0.281172686566095
"434",7434,0.898512242622479,0.867621144561354,0.852037441291977,0.670757881023793,0.380716396175785,0.22975829366833
"435",7435,0.856289629512805,0.875263371772446,0.824506291308357,0.6810128771599,0.279131051051195,0.278388568620674
"436",7436,0.805378193313728,0.869650361126343,0.792045993845196,0.655784282195484,0.380077715427149,0.322401986706635
"437",7437,0.813233605642097,0.890261700109758,0.830883895501254,0.731520996127336,0.440750979551762,0.289659919196542
"438",7438,0.810047563174853,0.873842325226585,0.819148532873798,0.550063054784025,0.295664088677382,0.320299583457823
"439",7439,0.842788805147015,0.870986888876739,0.819016298077654,0.516161550385102,0.305850355013251,0.345209284524615
"440",7440,0.809939535132175,0.805774317219801,0.807962633456649,0.502848137514825,0.275367897008442,0.328438735002669
"441",7441,0.825140449534156,0.802488040661884,0.819770364883893,0.562337230400556,0.308382396904818,0.315701683814171
"442",7442,0.849479168562639,0.837493744585718,0.827720283123477,0.534092622083539,0.25546091837558,0.341508050924171
"443",7443,0.889479227472417,0.869629389381538,0.79065913458438,0.526638992460951,0.276382374409412,0.323744998993555
"444",7444,0.859556155959346,0.879822613307576,0.799777605257504,0.550812706591508,0.236678518773214,0.262677335460851
"445",7445,0.825823308669546,0.860758126257381,0.780302668073499,0.685363319119849,0.383371867498345,0.302663341574548
"446",7446,0.791380970880401,0.803081655758146,0.765057200740078,0.650744437467086,0.468804870235756,0.295204509631138
"447",7447,0.778411081670251,0.824594183270743,0.795287790428043,0.583010262394082,0.358392544363567,0.308847213788499
"448",7448,0.748858804499729,0.760310239311872,0.77548799303104,0.524084159277017,0.285050484219846,0.37545678655897
"449",7449,0.756212335603952,0.75318360646151,0.761443089502735,0.445348046517121,0.285795604543248,0.390607689371829
"450",7450,0.80393403519376,0.804716852280793,0.777396533207728,0.535680998451996,0.297355137833619,0.352006743002352
"451",7451,0.817023030983996,0.828994477841442,0.776432355045577,0.596480047698503,0.336775505469243,0.303644705614298
"452",7452,0.750249645360407,0.821659127651249,0.728271523624095,0.475426903164387,0.257612887526507,0.367961287439308
"453",7453,0.790154609019762,0.850103605974003,0.748715741905821,0.6704681921462,0.352788947534475,0.30045815171848
"454",7454,0.863324185900069,0.845592190882686,0.755177563583121,0.609771044111911,0.265332694872385,0.325894655572172
"455",7455,0.846966349640363,0.826698110040436,0.800810548332366,0.608545596021002,0.257870457064264,0.360873918835684
"456",7456,0.851334463873822,0.833836547503149,0.835048764626759,0.49943462387642,0.261134365840479,0.335785713703968
"457",7457,0.823641462558063,0.809299053764602,0.827374729125217,0.642180732454029,0.282675727544072,0.392672556484736
"458",7458,0.783833028751625,0.816217069940405,0.803198808204172,0.672931113473566,0.330591981579635,0.373365140870675
"459",7459,0.788399822667579,0.843315802007937,0.806627387535607,0.711662435353988,0.448416411722642,0.370238696204435
"460",7460,0.790530350607738,0.864103852912236,0.801320490598293,0.731789031576886,0.477365673881696,0.331497209675004
"461",7461,0.812115118068051,0.87453201119792,0.814723794468711,0.703235905000146,0.382683392508937,0.333548957867354
"462",7462,0.839121140656575,0.860455121252002,0.819895435905519,0.705412943268128,0.364461192080662,0.336959610535055
"463",7463,0.828127480476066,0.804523042837292,0.806778754319999,0.626296035026786,0.339528280687768,0.328924799738662
"464",7464,0.835345856859068,0.798754399462195,0.821466634784113,0.659171688366526,0.397174475109041,0.303049952334036
"465",7465,0.843907604071856,0.802245647539134,0.85680244279613,0.717460321678117,0.444498072081539,0.269168639561587
"466",7466,0.835737375738324,0.81343233304631,0.855325952038324,0.661706001325285,0.372628520666654,0.279195195645353
"467",7467,0.817947423841592,0.814434397026537,0.830510397873704,0.662237445044997,0.364171106619614,0.307456235131527
"468",7468,0.719914084413717,0.801153212608102,0.778612779155011,0.484243029705674,0.255615583267403,0.330613347650659
"469",7469,0.654093066841075,0.744895128533189,0.721498872499172,0.5191207742212,0.248445869121974,0.365493961784453
"470",7470,0.76980906034466,0.804267072827208,0.748241722482185,0.606629221304326,0.389232013037944,0.267870860054314
"471",7471,0.791163353050068,0.817189468885187,0.7352265399405,0.514095769552668,0.232068338755484,0.303752589320326
"472",7472,0.788595515559339,0.779731093015341,0.738747929324757,0.509234344034461,0.265134039420933,0.34714047168019
"473",7473,0.737853008505706,0.732858079530192,0.74830383949144,0.477368502854645,0.239811664499734,0.359665496040493
"474",7474,0.762770996087197,0.767156342911683,0.75320615853474,0.5367858950652,0.294367679391797,0.329827428990466
"475",7475,0.687706830220416,0.720987246314476,0.729141643220249,0.511374715490192,0.349533317391776,0.3892682176049
"476",7476,0.700411244926692,0.704428314382764,0.685132741464651,0.499353772588557,0.330584142019216,0.363182008957434
"477",7477,0.696269898348178,0.723225682258737,0.722100589243461,0.547077397130599,0.349426333333405,0.371200756173867
"478",7478,0.712919654211857,0.743797408045088,0.738152285524537,0.555234981969304,0.369246437526388,0.332349994370719
"479",7479,0.673026343082395,0.694740660485513,0.680255151854258,0.434504188267117,0.303982898262181,0.372900508901498
"480",7480,0.690134835709735,0.704224563023967,0.691148001468151,0.456935977769215,0.302358317842411,0.369769588475699
